Workbook

Sheet Profil Petani
B2: BATUR
B3: No | C3: Nama | D3: Desa | E3: Usia | F3: Pendidikan Terakhir | I3: Rentang Usia | J3: Jumlah (Orang | K3: Presentase
B4: 1 | C4: Arban | D4: Batur | E4: 23 | F4: SMA | I4: 21-30 | J4: 15 | K4: 0.27
B5: 2 | C5: Budi | D5: Batur | E5: 35 | F5: SMA | I5: 31-40 | J5: 17 | K5: 0.31
B6: 3 | C6: Soleh | D6: Batur | E6: 33 | F6: SMA | I6: 41-50 | J6: 17 | K6: 0.31
B7: 4 | C7: Arkan | D7: Batur | E7: 28 | F7: SMA | I7: 51-60 | J7: 6 | K7: 0.11
B8: 5 | C8: Riski | D8: Batur | E8: 32 | F8: SMA
B9: 6 | C9: Reizan | D9: Batur | E9: 24 | F9: SMA | I9: Pendidikan | J9: Jumlah (Orang) | K9: Persentase (%)
B10: 7 | C10: Wiwit | D10: Batur | E10: 26 | F10: SMA | I10: SD | J10: 12 | K10: 0.22
B11: 8 | C11: Alfa | D11: Batur | E11: 28 | F11: SMA | I11: SMP | J11: 6 | K11: 0.11
B12: 9 | C12: Riya | D12: Batur | E12: 26 | F12: SMA | I12: SMA | J12: 26 | K12: 0.47
B13: 10 | C13: Fiera | D13: Batur | E13: 30 | F13: SMA | I13: PT | J13: 11 | K13: 0.2
B14: 11 | C14: Irbab | D14: Batur | E14: 23 | F14: SMA
B15: 12 | C15: Naufal | D15: Batur | E15: 28 | F15: SMA
B17: PASURENAN
B18: No | C18: Nama | D18: Desa | E18: Usia | F18: Pendidikan Terakhir
B19: 1 | C19: Firza | D19: Pasurenan | E19: 23 | F19: SMA
B20: 2 | C20: Muja | D20: Pasurenan | E20: 37 | F20: SMA
B21: 3 | C21: Sura | D21: Pasurenan | E21: 53 | F21: SD
B22: 4 | C22: Manarul | D22: Pasurenan | E22: 26 | F22: PT
B23: 5 | C23: Erga | D23: Pasurenan | E23: 27 | F23: PT
B24: 6 | C24: Afik | D24: Pasurenan | E24: 23 | F24: SMA
B25: 7 | C25: Arifin | D25: Pasurenan | E25: 33 | F25: SMA
B26: 8 | C26: Sukur | D26: Pasurenan | E26: 40 | F26: SD
B28: SUMBEREJO
B29: No | C29: Nama | D29: Desa | E29: Usia | F29: Pendidikan Terakhir
B30: 1 | C30: Hermanto | D30: Sumberejo | E30: 37 | F30: SD
B31: 2 | C31: Rofik | D31: Sumberejo | E31: 45 | F31: PT
B32: 3 | C32: Dawam | D32: Sumberejo | E32: 44 | F32: PT
B33: 4 | C33: Riyadi | D33: Sumberejo | E33: 46 | F33: SD
B34: 5 | C34: Jamaludin | D34: Sumberejo | E34: 46 | F34: SMA
B35: 6 | C35: Priyo | D35: Sumberejo | E35: 42 | F35: PT
B36: 7 | C36: Eko | D36: Sumberejo | E36: 35 | F36: SMA
B37: 8 | C37: Adam | D37: Sumberejo | E37: 38 | F37: PT
B39: KEPASIKSAN
B40: No | C40: Nama | D40: Desa | E40: Usia | F40: Pendidikan Terakhir
B41: 1 | C41: Dasir | D41: Kepakisan | E41: 52 | F41: SMA
B42: 2 | C42: Abas | D42: Kepakisan | E42: 46 | F42: SMA
B43: 3 | C43: Agus | D43: Kepakisan | E43: 42 | F43: SMA
B44: 4 | C44: Fillah | D44: Kepakisan | E44: 22 | F44: PT
B45: 5 | C45: Nastangin | D45: Kepakisan | E45: 39 | F45: SD
B47: BAKAL
B48: No | C48: Nama | D48: Desa | E48: Usia | F48: Pendidikan Terakhir
B49: 1 | C49: Saidi | D49: Bakal | E49: 40 | F49: SD
B50: 2 | C50: Tajib | D50: Bakal | E50: 60 | F50: SD
B51: 3 | C51: Nono | D51: Bakal | E51: 40 | F51: SMA
B52: 4 | C52: Salim | D52: Bakal | E52: 39 | F52: PT
B53: 5 | C53: Ahmad | D53: Bakal | E53: 42 | F53: SMP
B54: 6 | C54: Ripto | D54: Bakal | E54: 42 | F54: SD
B55: 7 | C55: Solahudin | D55: Bakal | E55: 50 | F55: SMP
B56: 8 | C56: Arif | D56: Bakal | E56: 47 | F56: PT
B58: PEKASIRAN
B59: No | C59: Nama | D59: Desa | E59: Usia | F59: Pendidikan Terakhir
B60: 1 | C60: Iqbal | D60: Pekasiran | E60: 40 | F60: SMA
B61: 2 | C61: Muamar | D61: Pekasiran | E61: 43 | F61: PT
B62: 3 | C62: Rifki | D62: Pekasiran | E62: 43 | F62: PT
B64: KARANG TENGAH
B65: No | C65: Nama | D65: Desa | E65: Usia | F65: Pendidikan Terakhir
B66: 1 | C66: Heri | D66: Karang Tengah | E66: 45 | F66: SMP
B67: 2 | C67: Nubiyanto | D67: Karang Tengah | E67: 48 | F67: SMA
B68: 3 | C68: Yaekuri | D68: Karang Tengah | E68: 55 | F68: SD
B69: 4 | C69: Nasihin | D69: Karang Tengah | E69: 53 | F69: SMP
B70: 5 | C70: Sutikno | D70: Karang Tengah | E70: 52 | F70: SD
B72: DIENG KULON
B73: No | C73: Nama | D73: Desa | E73: Usia | F73: Pendidikan Terakhir
B74: 1 | C74: Andre | D74: Dieng Kulon | E74: 24 | F74: SMA
B75: 2 | C75: Kholid | D75: Dieng Kulon | E75: 40 | F75: SD
B76: 3 | C76: Amir | D76: Dieng Kulon | E76: 37 | F76: SMP
B77: 4 | C77: Zidan | D77: Dieng Kulon | E77: 43 | F77: SMP
B78: 5 | C78: Mamat | D78: Dieng Kulon | E78: 35 | F78: SD
B79: 6 | C79: Ariyanto | D79: Dieng Kulon | E79: 50 | F79: SMA

Sheet 1. Batur
E2: RESPONDEN 1 | AZ2: RESPONDEN 2 | CU2: RESPONDEN 3 | EP2: RESPONDEN 4 | GK2: RESPONDEN 5 | IF2: RESPONDEN 6 | KA2: RESPONDEN 7 | LV2: RESPONDEN 8 | NQ2: RESPONDEN 9 | PL2: RESPONDEN 10 | RG2: RESPONDEN 11 | TB2: RESPONDEN 12 | UY2: BATUR
B4: RELIABILITAS | AW4: RELIABILITAS | CR4: RELIABILITAS | EM4: RELIABILITAS | GH4: RELIABILITAS | IC4: RELIABILITAS | JX4: RELIABILITAS | LS4: RELIABILITAS | NN4: RELIABILITAS | PI4: RELIABILITAS | RD4: RELIABILITAS | SY4: RELIABILITAS
B6: Atribut A | E6: 9 | F6: 8 | G6: 7 | H6: 6 | I6: 5 | J6: 4 | K6: 3 | L6: 2 | M6: 1 | N6: 2 | O6: 3 | P6: 4 | Q6: 5 | R6: 6 | S6: 7 | T6: 8 | U6: 9 | V6: Atribut B | AW6: Atribut A | AZ6: 9 | BA6: 8 | BB6: 7 | BC6: 6 | BD6: 5 | BE6: 4 | BF6: 3 | BG6: 2 | BH6: 1 | BI6: 2 | BJ6: 3 | BK6: 4 | BL6: 5 | BM6: 6 | BN6: 7 | BO6: 8 | BP6: 9 | BQ6: Atribut B | CR6: Atribut A | CU6: 9 | CV6: 8 | CW6: 7 | CX6: 6 | CY6: 5 | CZ6: 4 | DA6: 3 | DB6: 2 | DC6: 1 | DD6: 2 | DE6: 3 | DF6: 4 | DG6: 5 | DH6: 6 | DI6: 7 | DJ6: 8 | DK6: 9 | DL6: Atribut B | EM6: Atribut A | EP6: 9 | EQ6: 8 | ER6: 7 | ES6: 6 | ET6: 5 | EU6: 4 | EV6: 3 | EW6: 2 | EX6: 1 | EY6: 2 | EZ6: 3 | FA6: 4 | FB6: 5 | FC6: 6 | FD6: 7 | FE6: 8 | FF6: 9 | FG6: Atribut B | GH6: Atribut A | GK6: 9 | GL6: 8 | GM6: 7 | GN6: 6 | GO6: 5 | GP6: 4 | GQ6: 3 | GR6: 2 | GS6: 1 | GT6: 2 | GU6: 3 | GV6: 4 | GW6: 5 | GX6: 6 | GY6: 7 | GZ6: 8 | HA6: 9 | HB6: Atribut B | IC6: Atribut A | IF6: 9 | IG6: 8 | IH6: 7 | II6: 6 | IJ6: 5 | IK6: 4 | IL6: 3 | IM6: 2 | IN6: 1 | IO6: 2 | IP6: 3 | IQ6: 4 | IR6: 5 | IS6: 6 | IT6: 7 | IU6: 8 | IV6: 9 | IW6: Atribut B | JX6: Atribut A | KA6: 9 | KB6: 8 | KC6: 7 | KD6: 6 | KE6: 5 | KF6: 4 | KG6: 3 | KH6: 2 | KI6: 1 | KJ6: 2 | KK6: 3 | KL6: 4 | KM6: 5 | KN6: 6 | KO6: 7 | KP6: 8 | KQ6: 9 | KR6: Atribut B | LS6: Atribut A | LV6: 9 | LW6: 8 | LX6: 7 | LY6: 6 | LZ6: 5 | MA6: 4 | MB6: 3 | MC6: 2 | MD6: 1 | ME6: 2 | MF6: 3 | MG6: 4 | MH6: 5 | MI6: 6 | MJ6: 7 | MK6: 8 | ML6: 9 | MM6: Atribut B | NN6: Atribut A | NQ6: 9 | NR6: 8 | NS6: 7 | NT6: 6 | NU6: 5 | NV6: 4 | NW6: 3 | NX6: 2 | NY6: 1 | NZ6: 2 | OA6: 3 | OB6: 4 | OC6: 5 | OD6: 6 | OE6: 7 | OF6: 8 | OG6: 9 | OH6: Atribut B | PI6: Atribut A | PL6: 9 | PM6: 8 | PN6: 7 | PO6: 6 | PP6: 5 | PQ6: 4 | PR6: 3 | PS6: 2 | PT6: 1 | PU6: 2 | PV6: 3 | PW6: 4 | PX6: 5 | PY6: 6 | PZ6: 7 | QA6: 8 | QB6: 9 | QC6: Atribut B | RD6: Atribut A | RG6: 9 | RH6: 8 | RI6: 7 | RJ6: 6 | RK6: 5 | RL6: 4 | RM6: 3 | RN6: 2 | RO6: 1 | RP6: 2 | RQ6: 3 | RR6: 4 | RS6: 5 | RT6: 6 | RU6: 7 | RV6: 8 | RW6: 9 | RX6: Atribut B | SY6: Atribut A | TB6: 9 | TC6: 8 | TD6: 7 | TE6: 6 | TF6: 5 | TG6: 4 | TH6: 3 | TI6: 2 | TJ6: 1 | TK6: 2 | TL6: 3 | TM6: 4 | TN6: 5 | TO6: 6 | TP6: 7 | TQ6: 8 | TR6: 9 | TS6: Atribut B
B7: Pesanan Kondisi Sempurna | V7: Akurasi Pemenuhan | AC7: Pesanan Kondisi Sempurna | AE7: Akurasi Pemenuhan | AG7: Kesesuaian Jumlah Produk | AI7: Kesesuaian Jenis Produk | AK7: Kesesuaian Lokasi pengiriman | AM7: Kesesuaian Waktu Pengiriman | AO7: Akurasi Kondisi Pesanan | AQ7: Kelayakan Produk | AS7: Kualitas Produk | AW7: Pesanan Kondisi Sempurna | BQ7: Akurasi Pemenuhan | BX7: Pesanan Kondisi Sempurna | BZ7: Akurasi Pemenuhan | CB7: Kesesuaian Jumlah Produk | CD7: Kesesuaian Jenis Produk | CF7: Kesesuaian Lokasi pengiriman | CH7: Kesesuaian Waktu Pengiriman | CJ7: Akurasi Kondisi Pesanan | CL7: Kelayakan Produk | CN7: Kualitas Produk | CR7: Pesanan Kondisi Sempurna | DL7: Akurasi Pemenuhan | DS7: Pesanan Kondisi Sempurna | DU7: Akurasi Pemenuhan | DW7: Kesesuaian Jumlah Produk | DY7: Kesesuaian Jenis Produk | EA7: Kesesuaian Lokasi pengiriman | EC7: Kesesuaian Waktu Pengiriman | EE7: Akurasi Kondisi Pesanan | EG7: Kelayakan Produk | EI7: Kualitas Produk | EM7: Pesanan Kondisi Sempurna | FG7: Akurasi Pemenuhan | FN7: Pesanan Kondisi Sempurna | FP7: Akurasi Pemenuhan | FR7: Kesesuaian Jumlah Produk | FT7: Kesesuaian Jenis Produk | FV7: Kesesuaian Lokasi pengiriman | FX7: Kesesuaian Waktu Pengiriman | FZ7: Akurasi Kondisi Pesanan | GB7: Kelayakan Produk | GD7: Kualitas Produk | GH7: Pesanan Kondisi Sempurna | HB7: Akurasi Pemenuhan | HI7: Pesanan Kondisi Sempurna | HK7: Akurasi Pemenuhan | HM7: Kesesuaian Jumlah Produk | HO7: Kesesuaian Jenis Produk | HQ7: Kesesuaian Lokasi pengiriman | HS7: Kesesuaian Waktu Pengiriman | HU7: Akurasi Kondisi Pesanan | HW7: Kelayakan Produk | HY7: Kualitas Produk | IC7: Pesanan Kondisi Sempurna | IW7: Akurasi Pemenuhan | JD7: Pesanan Kondisi Sempurna | JF7: Akurasi Pemenuhan | JH7: Kesesuaian Jumlah Produk | JJ7: Kesesuaian Jenis Produk | JL7: Kesesuaian Lokasi pengiriman | JN7: Kesesuaian Waktu Pengiriman | JP7: Akurasi Kondisi Pesanan | JR7: Kelayakan Produk | JT7: Kualitas Produk | JX7: Pesanan Kondisi Sempurna | KR7: Akurasi Pemenuhan | KY7: Pesanan Kondisi Sempurna | LA7: Akurasi Pemenuhan | LC7: Kesesuaian Jumlah Produk | LE7: Kesesuaian Jenis Produk | LG7: Kesesuaian Lokasi pengiriman | LI7: Kesesuaian Waktu Pengiriman | LK7: Akurasi Kondisi Pesanan | LM7: Kelayakan Produk | LO7: Kualitas Produk | LS7: Pesanan Kondisi Sempurna | MM7: Akurasi Pemenuhan | MT7: Pesanan Kondisi Sempurna | MV7: Akurasi Pemenuhan | MX7: Kesesuaian Jumlah Produk | MZ7: Kesesuaian Jenis Produk | NB7: Kesesuaian Lokasi pengiriman | ND7: Kesesuaian Waktu Pengiriman | NF7: Akurasi Kondisi Pesanan | NH7: Kelayakan Produk | NJ7: Kualitas Produk | NN7: Pesanan Kondisi Sempurna | OH7: Akurasi Pemenuhan | OO7: Pesanan Kondisi Sempurna | OQ7: Akurasi Pemenuhan | OS7: Kesesuaian Jumlah Produk | OU7: Kesesuaian Jenis Produk | OW7: Kesesuaian Lokasi pengiriman | OY7: Kesesuaian Waktu Pengiriman | PA7: Akurasi Kondisi Pesanan | PC7: Kelayakan Produk | PE7: Kualitas Produk | PI7: Pesanan Kondisi Sempurna | QC7: Akurasi Pemenuhan | QJ7: Pesanan Kondisi Sempurna | QL7: Akurasi Pemenuhan | QN7: Kesesuaian Jumlah Produk | QP7: Kesesuaian Jenis Produk | QR7: Kesesuaian Lokasi pengiriman | QT7: Kesesuaian Waktu Pengiriman | QV7: Akurasi Kondisi Pesanan | QX7: Kelayakan Produk | QZ7: Kualitas Produk | RD7: Pesanan Kondisi Sempurna | RX7: Akurasi Pemenuhan | SE7: Pesanan Kondisi Sempurna | SG7: Akurasi Pemenuhan | SI7: Kesesuaian Jumlah Produk | SK7: Kesesuaian Jenis Produk | SM7: Kesesuaian Lokasi pengiriman | SO7: Kesesuaian Waktu Pengiriman | SQ7: Akurasi Kondisi Pesanan | SS7: Kelayakan Produk | SU7: Kualitas Produk | SY7: Pesanan Kondisi Sempurna | TS7: Akurasi Pemenuhan | TZ7: Pesanan Kondisi Sempurna | UB7: Akurasi Pemenuhan | UD7: Kesesuaian Jumlah Produk | UF7: Kesesuaian Jenis Produk | UH7: Kesesuaian Lokasi pengiriman | UJ7: Kesesuaian Waktu Pengiriman | UL7: Akurasi Kondisi Pesanan | UN7: Kelayakan Produk | UP7: Kualitas Produk | UZ7: Pesanan Kondisi Sempurna | VB7: Akurasi Pemenuhan | VD7: Kesesuaian Jumlah Produk | VF7: Kesesuaian Jenis Produk | VH7: Kesesuaian Lokasi pengiriman | VJ7: Kesesuaian Waktu Pengiriman | VL7: Akurasi Kondisi Pesanan | VN7: Kelayakan Produk | VP7: Kualitas Produk
B8: Pesanan Kondisi Sempurna | V8: Kesesuaian Jumlah Produk | AW8: Pesanan Kondisi Sempurna | BQ8: Kesesuaian Jumlah Produk | CR8: Pesanan Kondisi Sempurna | DL8: Kesesuaian Jumlah Produk | EM8: Pesanan Kondisi Sempurna | FG8: Kesesuaian Jumlah Produk | GH8: Pesanan Kondisi Sempurna | HB8: Kesesuaian Jumlah Produk | IC8: Pesanan Kondisi Sempurna | IW8: Kesesuaian Jumlah Produk | JX8: Pesanan Kondisi Sempurna | KR8: Kesesuaian Jumlah Produk | LS8: Pesanan Kondisi Sempurna | MM8: Kesesuaian Jumlah Produk | NN8: Pesanan Kondisi Sempurna | OH8: Kesesuaian Jumlah Produk | PI8: Pesanan Kondisi Sempurna | QC8: Kesesuaian Jumlah Produk | RD8: Pesanan Kondisi Sempurna | RX8: Kesesuaian Jumlah Produk | SY8: Pesanan Kondisi Sempurna | TS8: Kesesuaian Jumlah Produk
B9: Pesanan Kondisi Sempurna | V9: Kesesuaian Jenis Produk | AA9: Pesanan Kondisi Sempurna | AC9: 1 | AE9: {=FindRedCellValue(E7:U7)} -> 0.33333333 | AG9: {=FindRedCellValue(E8:U8)} -> 3 | AI9: {=FindRedCellValue(E9:U9)} -> 3 | AK9: {=FindRedCellValue(E10:U10)} -> 0.2 | AM9: {=FindRedCellValue(E11:U11)} -> 0.33333333 | AO9: {=FindRedCellValue(E12:U12)} -> 5 | AQ9: {=FindRedCellValue(E13:U13)} -> 7 | AS9: {=FindRedCellValue(E14:U14)} -> 0.2 | AW9: Pesanan Kondisi Sempurna | BQ9: Kesesuaian Jenis Produk | BV9: Pesanan Kondisi Sempurna | BX9: 1 | BZ9: {=FindRedCellValue(AZ7:BP7)} -> 0.33333333 | CB9: {=FindRedCellValue(AZ8:BP8)} -> 3 | CD9: {=FindRedCellValue(AZ9:BP9)} -> 5 | CF9: {=FindRedCellValue(AZ10:BP10)} -> 0.33333333 | CH9: {=FindRedCellValue(AZ11:BP11)} -> 0.2 | CJ9: {=FindRedCellValue(AZ12:BP12)} -> 3 | CL9: {=FindRedCellValue(AZ13:BP13)} -> 4 | CN9: {=FindRedCellValue(AZ14:BP14)} -> 4 | CR9: Pesanan Kondisi Sempurna | DL9: Kesesuaian Jenis Produk | DQ9: Pesanan Kondisi Sempurna | DS9: 1 | DU9: {=FindRedCellValue(CU7:DK7)} -> 0.33333333 | DW9: {=FindRedCellValue(CU8:DK8)} -> 3 | DY9: {=FindRedCellValue(CU9:DK9)} -> 3 | EA9: {=FindRedCellValue(CU10:DK10)} -> 0.2 | EC9: {=FindRedCellValue(CU11:DK11)} -> 3 | EE9: {=FindRedCellValue(CU12:DK12)} -> 0.2 | EG9: {=FindRedCellValue(CU13:DK13)} -> 5 | EI9: {=FindRedCellValue(CU14:DK14)} -> 5 | EM9: Pesanan Kondisi Sempurna | FG9: Kesesuaian Jenis Produk | FL9: Pesanan Kondisi Sempurna | FN9: 1 | FP9: {=FindRedCellValue(EP7:FF7)} -> 3 | FR9: {=FindRedCellValue(EP8:FF8)} -> 3 | FT9: {=FindRedCellValue(EP9:FF9)} -> 5 | FV9: {=FindRedCellValue(EP10:FF10)} -> 0.33333333 | FX9: {=FindRedCellValue(EP11:FF11)} -> 3 | FZ9: {=FindRedCellValue(EP12:FF12)} -> 0.14285714 | GB9: {=FindRedCellValue(EP13:FF13)} -> 2 | GD9: {=FindRedCellValue(EP14:FF14)} -> 2 | GH9: Pesanan Kondisi Sempurna | HB9: Kesesuaian Jenis Produk | HG9: Pesanan Kondisi Sempurna | HI9: 1 | HK9: {=FindRedCellValue(GK7:HA7)} -> 0.2 | HM9: {=FindRedCellValue(GK8:HA8)} -> 0.33333333 | HO9: {=FindRedCellValue(GK9:HA9)} -> 3 | HQ9: {=FindRedCellValue(GK10:HA10)} -> 0.33333333 | HS9: {=FindRedCellValue(GK11:HA11)} -> 5 | HU9: {=FindRedCellValue(GK12:HA12)} -> 0.5 | HW9: {=FindRedCellValue(GK13:HA13)} -> 3 | HY9: {=FindRedCellValue(GK14:HA14)} -> 5 | IC9: Pesanan Kondisi Sempurna | IW9: Kesesuaian Jenis Produk | JB9: Pesanan Kondisi Sempurna | JD9: 1 | JF9: {=FindRedCellValue(IF7:IV7)} -> 0.2 | JH9: {=FindRedCellValue(IF8:IV8)} -> 0.33333333 | JJ9: {=FindRedCellValue(IF9:IV9)} -> 0.33333333 | JL9: {=FindRedCellValue(IF10:IV10)} -> 0.33333333 | JN9: {=FindRedCellValue(IF11:IV11)} -> 3 | JP9: {=FindRedCellValue(IF12:IV12)} -> 3 | JR9: {=FindRedCellValue(IF13:IV13)} -> 7 | JT9: {=FindRedCellValue(IF14:IV14)} -> 7 | JX9: Pesanan Kondisi Sempurna | KR9: Kesesuaian Jenis Produk | KW9: Pesanan Kondisi Sempurna | KY9: 1 | LA9: {=FindRedCellValue(KA7:KQ7)} -> 0.33333333 | LC9: {=FindRedCellValue(KA8:KQ8)} -> 3 | LE9: {=FindRedCellValue(KA9:KQ9)} -> 3 | LG9: {=FindRedCellValue(KA10:KQ10)} -> 0.2 | LI9: {=FindRedCellValue(KA11:KQ11)} -> 3 | LK9: {=FindRedCellValue(KA12:KQ12)} -> 0.2 | LM9: {=FindRedCellValue(KA13:KQ13)} -> 5 | LO9: {=FindRedCellValue(KA14:KQ14)} -> 5 | LS9: Pesanan Kondisi Sempurna | MM9: Kesesuaian Jenis Produk | MR9: Pesanan Kondisi Sempurna | MT9: 1 | MV9: {=FindRedCellValue(LV7:ML7)} -> 3 | MX9: {=FindRedCellValue(LV8:ML8)} -> 3 | MZ9: {=FindRedCellValue(LV9:ML9)} -> 5 | NB9: {=FindRedCellValue(LV10:ML10)} -> 0.33333333 | ND9: {=FindRedCellValue(LV11:ML11)} -> 3 | NF9: {=FindRedCellValue(LV12:ML12)} -> 0.14285714 | NH9: {=FindRedCellValue(LV13:ML13)} -> 2 | NJ9: {=FindRedCellValue(LV14:ML14)} -> 2 | NN9: Pesanan Kondisi Sempurna | OH9: Kesesuaian Jenis Produk | OM9: Pesanan Kondisi Sempurna | OO9: 1 | OQ9: {=FindRedCellValue(NQ7:OG7)} -> 0.33333333 | OS9: {=FindRedCellValue(NQ8:OG8)} -> 3 | OU9: {=FindRedCellValue(NQ9:OG9)} -> 3 | OW9: {=FindRedCellValue(NQ10:OG10)} -> 0.2 | OY9: {=FindRedCellValue(NQ11:OG11)} -> 0.33333333 | PA9: {=FindRedCellValue(NQ12:OG12)} -> 5 | PC9: {=FindRedCellValue(NQ13:OG13)} -> 7 | PE9: {=FindRedCellValue(NQ14:OG14)} -> 0.2 | PI9: Pesanan Kondisi Sempurna | QC9: Kesesuaian Jenis Produk | QH9: Pesanan Kondisi Sempurna | QJ9: 1 | QL9: {=FindRedCellValue(PL7:QB7)} -> 0.2 | QN9: {=FindRedCellValue(PL8:QB8)} -> 0.33333333 | QP9: {=FindRedCellValue(PL9:QB9)} -> 0.33333333 | QR9: {=FindRedCellValue(PL10:QB10)} -> 0.33333333 | QT9: {=FindRedCellValue(PL11:QB11)} -> 3 | QV9: {=FindRedCellValue(PL12:QB12)} -> 3 | QX9: {=FindRedCellValue(PL13:QB13)} -> 7 | QZ9: {=FindRedCellValue(PL14:QB14)} -> 7 | RD9: Pesanan Kondisi Sempurna | RX9: Kesesuaian Jenis Produk | SC9: Pesanan Kondisi Sempurna | SE9: 1 | SG9: {=FindRedCellValue(RG7:RW7)} -> 0.33333333 | SI9: {=FindRedCellValue(RG8:RW8)} -> 3 | SK9: {=FindRedCellValue(RG9:RW9)} -> 3 | SM9: {=FindRedCellValue(RG10:RW10)} -> 0.2 | SO9: {=FindRedCellValue(RG11:RW11)} -> 0.33333333 | SQ9: {=FindRedCellValue(RG12:RW12)} -> 5 | SS9: {=FindRedCellValue(RG13:RW13)} -> 7 | SU9: {=FindRedCellValue(RG14:RW14)} -> 0.2 | SY9: Pesanan Kondisi Sempurna | TS9: Kesesuaian Jenis Produk | TX9: Pesanan Kondisi Sempurna | TZ9: 1 | UB9: {=FindRedCellValue(TB7:TR7)} -> 0.33333333 | UD9: {=FindRedCellValue(TB8:TR8)} -> 3 | UF9: {=FindRedCellValue(TB9:TR9)} -> 5 | UH9: {=FindRedCellValue(TB10:TR10)} -> 0.33333333 | UJ9: {=FindRedCellValue(TB11:TR11)} -> 0.2 | UL9: {=FindRedCellValue(TB12:TR12)} -> 3 | UN9: {=FindRedCellValue(TB13:TR13)} -> 4 | UP9: {=FindRedCellValue(TB14:TR14)} -> 4 | UX9: Pesanan Kondisi Sempurna | UZ9: =AVERAGE(AC9,BX9,DS9,FN9,HI9,JD9,KY9,MT9,OO9,QJ9,SE9,TZ9) -> 1 | VB9: =AVERAGE(AE9,BZ9,DU9,FP9,HK9,JF9,LA9,MV9,OQ9,QL9,SG9,UB9) -> 0.74444444 | VD9: =AVERAGE(AG9,CB9,DW9,FR9,HM9,JH9,LC9,MX9,OS9,QN9,SI9,UD9) -> 2.3333333 | VF9: =AVERAGE(AI9,CD9,DY9,FT9,HO9,JJ9,LE9,MZ9,OU9,QP9,SK9,UF9) -> 3.2222222 | VH9: =AVERAGE(AK9,CF9,EA9,FV9,HQ9,JL9,LG9,NB9,OW9,QR9,SM9,UH9) -> 0.27777778 | VJ9: =AVERAGE(AM9,CH9,EC9,FX9,HS9,JN9,LI9,ND9,OY9,QT9,SO9,UJ9) -> 2.0333333 | VL9: =AVERAGE(AO9,CJ9,EE9,FZ9,HU9,JP9,LK9,NF9,PA9,QV9,SQ9,UL9) -> 2.3488095 | VN9: =AVERAGE(AQ9,CL9,EG9,GB9,HW9,JR9,LM9,NH9,PC9,QX9,SS9,UN9) -> 5 | VP9: =AVERAGE(AS9,CN9,EI9,GD9,HY9,JT9,LO9,NJ9,PE9,QZ9,SU9,UP9) -> 3.4666667
B10: Pesanan Kondisi Sempurna | V10: Kesesuaian Lokasi Pengiriman | AW10: Pesanan Kondisi Sempurna | BQ10: Kesesuaian Lokasi Pengiriman | CR10: Pesanan Kondisi Sempurna | DL10: Kesesuaian Lokasi Pengiriman | EM10: Pesanan Kondisi Sempurna | FG10: Kesesuaian Lokasi Pengiriman | GH10: Pesanan Kondisi Sempurna | HB10: Kesesuaian Lokasi Pengiriman | IC10: Pesanan Kondisi Sempurna | IW10: Kesesuaian Lokasi Pengiriman | JX10: Pesanan Kondisi Sempurna | KR10: Kesesuaian Lokasi Pengiriman | LS10: Pesanan Kondisi Sempurna | MM10: Kesesuaian Lokasi Pengiriman | NN10: Pesanan Kondisi Sempurna | OH10: Kesesuaian Lokasi Pengiriman | PI10: Pesanan Kondisi Sempurna | QC10: Kesesuaian Lokasi Pengiriman | RD10: Pesanan Kondisi Sempurna | RX10: Kesesuaian Lokasi Pengiriman | SY10: Pesanan Kondisi Sempurna | TS10: Kesesuaian Lokasi Pengiriman
B11: Pesanan Kondisi Sempurna | V11: Kesesuaian Waktu Pengiriman | AA11: Akurasi Pemenuhan | AC11: =1/AE9 -> 3 | AE11: 1 | AG11: {=FindRedCellValue(E17:U17)} -> 3 | AI11: {=FindRedCellValue(E18:U18)} -> 5 | AK11: {=FindRedCellValue(E19:U19)} -> 0.2 | AM11: {=FindRedCellValue(E20:U20)} -> 0.14285714 | AO11: {=FindRedCellValue(E21:U21)} -> 3 | AQ11: {=FindRedCellValue(E22:U22)} -> 3 | AS11: {=FindRedCellValue(E23:U23)} -> 0.33333333 | AW11: Pesanan Kondisi Sempurna | BQ11: Kesesuaian Waktu Pengiriman | BV11: Akurasi Pemenuhan | BX11: =1/BZ9 -> 3 | BZ11: 1 | CB11: {=FindRedCellValue(AZ17:BP17)} -> 3 | CD11: {=FindRedCellValue(AZ18:BP18)} -> 3 | CF11: {=FindRedCellValue(AZ19:BP19)} -> 0.33333333 | CH11: {=FindRedCellValue(AZ20:BP20)} -> 0.33333333 | CJ11: {=FindRedCellValue(AZ21:BP21)} -> 0.33333333 | CL11: {=FindRedCellValue(AZ22:BP22)} -> 5 | CN11: {=FindRedCellValue(AZ23:BP23)} -> 3 | CR11: Pesanan Kondisi Sempurna | DL11: Kesesuaian Waktu Pengiriman | DQ11: Akurasi Pemenuhan | DS11: =1/DU9 -> 3 | DU11: 1 | DW11: {=FindRedCellValue(CU17:DK17)} -> 3 | DY11: {=FindRedCellValue(CU18:DK18)} -> 5 | EA11: {=FindRedCellValue(CU19:DK19)} -> 0.33333333 | EC11: {=FindRedCellValue(CU20:DK20)} -> 0.33333333 | EE11: {=FindRedCellValue(CU21:DK21)} -> 3 | EG11: {=FindRedCellValue(CU22:DK22)} -> 3 | EI11: {=FindRedCellValue(CU23:DK23)} -> 3 | EM11: Pesanan Kondisi Sempurna | FG11: Kesesuaian Waktu Pengiriman | FL11: Akurasi Pemenuhan | FN11: =1/FP9 -> 0.33333333 | FP11: 1 | FR11: {=FindRedCellValue(EP17:FF17)} -> 0.33333333 | FT11: {=FindRedCellValue(EP18:FF18)} -> 5 | FV11: {=FindRedCellValue(EP19:FF19)} -> 0.33333333 | FX11: {=FindRedCellValue(EP20:FF20)} -> 3 | FZ11: {=FindRedCellValue(EP21:FF21)} -> 0.2 | GB11: {=FindRedCellValue(EP22:FF22)} -> 3 | GD11: {=FindRedCellValue(EP23:FF23)} -> 0.2 | GH11: Pesanan Kondisi Sempurna | HB11: Kesesuaian Waktu Pengiriman | HG11: Akurasi Pemenuhan | HI11: =1/HK9 -> 5 | HK11: 1 | HM11: {=FindRedCellValue(GK17:HA17)} -> 3 | HO11: {=FindRedCellValue(GK18:HA18)} -> 5 | HQ11: {=FindRedCellValue(GK19:HA19)} -> 0.14285714 | HS11: {=FindRedCellValue(GK20:HA20)} -> 0.11111111 | HU11: {=FindRedCellValue(GK21:HA21)} -> 3 | HW11: {=FindRedCellValue(GK22:HA22)} -> 7 | HY11: {=FindRedCellValue(GK23:HA23)} -> 7 | IC11: Pesanan Kondisi Sempurna | IW11: Kesesuaian Waktu Pengiriman | JB11: Akurasi Pemenuhan | JD11: =1/JF9 -> 5 | JF11: 1 | JH11: {=FindRedCellValue(IF17:IV17)} -> 0.33333333 | JJ11: {=FindRedCellValue(IF18:IV18)} -> 0.33333333 | JL11: {=FindRedCellValue(IF19:IV19)} -> 0.33333333 | JN11: {=FindRedCellValue(IF20:IV20)} -> 3 | JP11: {=FindRedCellValue(IF21:IV21)} -> 3 | JR11: {=FindRedCellValue(IF22:IV22)} -> 3 | JT11: {=FindRedCellValue(IF23:IV23)} -> 3 | JX11: Pesanan Kondisi Sempurna | KR11: Kesesuaian Waktu Pengiriman | KW11: Akurasi Pemenuhan | KY11: =1/LA9 -> 3 | LA11: 1 | LC11: {=FindRedCellValue(KA17:KQ17)} -> 3 | LE11: {=FindRedCellValue(KA18:KQ18)} -> 5 | LG11: {=FindRedCellValue(KA19:KQ19)} -> 0.33333333 | LI11: {=FindRedCellValue(KA20:KQ20)} -> 0.33333333 | LK11: {=FindRedCellValue(KA21:KQ21)} -> 3 | LM11: {=FindRedCellValue(KA22:KQ22)} -> 3 | LO11: {=FindRedCellValue(KA23:KQ23)} -> 3 | LS11: Pesanan Kondisi Sempurna | MM11: Kesesuaian Waktu Pengiriman | MR11: Akurasi Pemenuhan | MT11: =1/MV9 -> 0.33333333 | MV11: 1 | MX11: {=FindRedCellValue(LV17:ML17)} -> 0.33333333 | MZ11: {=FindRedCellValue(LV18:ML18)} -> 5 | NB11: {=FindRedCellValue(LV19:ML19)} -> 0.33333333 | ND11: {=FindRedCellValue(LV20:ML20)} -> 3 | NF11: {=FindRedCellValue(LV21:ML21)} -> 0.2 | NH11: {=FindRedCellValue(LV22:ML22)} -> 3 | NJ11: {=FindRedCellValue(LV23:ML23)} -> 0.2 | NN11: Pesanan Kondisi Sempurna | OH11: Kesesuaian Waktu Pengiriman | OM11: Akurasi Pemenuhan | OO11: =1/OQ9 -> 3 | OQ11: 1 | OS11: {=FindRedCellValue(NQ17:OG17)} -> 3 | OU11: {=FindRedCellValue(NQ18:OG18)} -> 5 | OW11: {=FindRedCellValue(NQ19:OG19)} -> 0.2 | OY11: {=FindRedCellValue(NQ20:OG20)} -> 0.14285714 | PA11: {=FindRedCellValue(NQ21:OG21)} -> 3 | PC11: {=FindRedCellValue(NQ22:OG22)} -> 3 | PE11: {=FindRedCellValue(NQ23:OG23)} -> 0.33333333 | PI11: Pesanan Kondisi Sempurna | QC11: Kesesuaian Waktu Pengiriman | QH11: Akurasi Pemenuhan | QJ11: =1/QL9 -> 5 | QL11: 1 | QN11: {=FindRedCellValue(PL17:QB17)} -> 0.33333333 | QP11: {=FindRedCellValue(PL18:QB18)} -> 0.33333333 | QR11: {=FindRedCellValue(PL19:QB19)} -> 0.33333333 | QT11: {=FindRedCellValue(PL20:QB20)} -> 3 | QV11: {=FindRedCellValue(PL21:QB21)} -> 3 | QX11: {=FindRedCellValue(PL22:QB22)} -> 3 | QZ11: {=FindRedCellValue(PL23:QB23)} -> 3 | RD11: Pesanan Kondisi Sempurna | RX11: Kesesuaian Waktu Pengiriman | SC11: Akurasi Pemenuhan | SE11: =1/SG9 -> 3 | SG11: 1 | SI11: {=FindRedCellValue(RG17:RW17)} -> 3 | SK11: {=FindRedCellValue(RG18:RW18)} -> 5 | SM11: {=FindRedCellValue(RG19:RW19)} -> 0.2 | SO11: {=FindRedCellValue(RG20:RW20)} -> 0.14285714 | SQ11: {=FindRedCellValue(RG21:RW21)} -> 3 | SS11: {=FindRedCellValue(RG22:RW22)} -> 3 | SU11: {=FindRedCellValue(RG23:RW23)} -> 0.33333333 | SY11: Pesanan Kondisi Sempurna | TS11: Kesesuaian Waktu Pengiriman | TX11: Akurasi Pemenuhan | TZ11: =1/UB9 -> 3 | UB11: 1 | UD11: {=FindRedCellValue(TB17:TR17)} -> 3 | UF11: {=FindRedCellValue(TB18:TR18)} -> 3 | UH11: {=FindRedCellValue(TB19:TR19)} -> 0.33333333 | UJ11: {=FindRedCellValue(TB20:TR20)} -> 0.33333333 | UL11: {=FindRedCellValue(TB21:TR21)} -> 0.33333333 | UN11: {=FindRedCellValue(TB22:TR22)} -> 5 | UP11: {=FindRedCellValue(TB23:TR23)} -> 3 | UX11: Akurasi Pemenuhan | UZ11: =AVERAGE(AC11,BX11,DS11,FN11,HI11,JD11,KY11,MT11,OO11,QJ11,SE11,TZ11) -> 3.0555556 | VB11: =AVERAGE(AE11,BZ11,DU11,FP11,HK11,JF11,LA11,MV11,OQ11,QL11,SG11,UB11) -> 1 | VD11: =AVERAGE(AG11,CB11,DW11,FR11,HM11,JH11,LC11,MX11,OS11,QN11,SI11,UD11) -> 2.1111111 | VF11: =AVERAGE(AI11,CD11,DY11,FT11,HO11,JJ11,LE11,MZ11,OU11,QP11,SK11,UF11) -> 3.8888889 | VH11: =AVERAGE(AK11,CF11,EA11,FV11,HQ11,JL11,LG11,NB11,OW11,QR11,SM11,UH11) -> 0.28412698 | VJ11: =AVERAGE(AM11,CH11,EC11,FX11,HS11,JN11,LI11,ND11,OY11,QT11,SO11,UJ11) -> 1.1560847 | VL11: =AVERAGE(AO11,CJ11,EE11,FZ11,HU11,JP11,LK11,NF11,PA11,QV11,SQ11,UL11) -> 2.0888889 | VN11: =AVERAGE(AQ11,CL11,EG11,GB11,HW11,JR11,LM11,NH11,PC11,QX11,SS11,UN11) -> 3.6666667 | VP11: =AVERAGE(AS11,CN11,EI11,GD11,HY11,JT11,LO11,NJ11,PE11,QZ11,SU11,UP11) -> 2.2
B12: Pesanan Kondisi Sempurna | V12: Akurasi Kondisi Pesanan | AW12: Pesanan Kondisi Sempurna | BQ12: Akurasi Kondisi Pesanan | CR12: Pesanan Kondisi Sempurna | DL12: Akurasi Kondisi Pesanan | EM12: Pesanan Kondisi Sempurna | FG12: Akurasi Kondisi Pesanan | GH12: Pesanan Kondisi Sempurna | HB12: Akurasi Kondisi Pesanan | IC12: Pesanan Kondisi Sempurna | IW12: Akurasi Kondisi Pesanan | JX12: Pesanan Kondisi Sempurna | KR12: Akurasi Kondisi Pesanan | LS12: Pesanan Kondisi Sempurna | MM12: Akurasi Kondisi Pesanan | NN12: Pesanan Kondisi Sempurna | OH12: Akurasi Kondisi Pesanan | PI12: Pesanan Kondisi Sempurna | QC12: Akurasi Kondisi Pesanan | RD12: Pesanan Kondisi Sempurna | RX12: Akurasi Kondisi Pesanan | SY12: Pesanan Kondisi Sempurna | TS12: Akurasi Kondisi Pesanan
B13: Pesanan Kondisi Sempurna | V13: Kelayakan Produk | AA13: Kesesuaian Jumlah Produk | AC13: =1/AG9 -> 0.33333333 | AE13: =1/AG11 -> 0.33333333 | AG13: 1 | AI13: {=FindRedCellValue(E26:U26)} -> 5 | AK13: {=FindRedCellValue(E27:U27)} -> 0.33333333 | AM13: {=FindRedCellValue(E28:U28)} -> 7 | AO13: {=FindRedCellValue(E29:U29)} -> 9 | AQ13: {=FindRedCellValue(E30:U30)} -> 0.14285714 | AS13: {=FindRedCellValue(E31:U31)} -> 0.14285714 | AW13: Pesanan Kondisi Sempurna | BQ13: Kelayakan Produk | BV13: Kesesuaian Jumlah Produk | BX13: =1/CB9 -> 0.33333333 | BZ13: =1/CB11 -> 0.33333333 | CB13: 1 | CD13: {=FindRedCellValue(AZ26:BP26)} -> 3 | CF13: {=FindRedCellValue(AZ27:BP27)} -> 0.33333333 | CH13: {=FindRedCellValue(AZ28:BP28)} -> 3 | CJ13: {=FindRedCellValue(AZ29:BP29)} -> 5 | CL13: {=FindRedCellValue(AZ30:BP30)} -> 3 | CN13: {=FindRedCellValue(AZ31:BP31)} -> 5 | CR13: Pesanan Kondisi Sempurna | DL13: Kelayakan Produk | DQ13: Kesesuaian Jumlah Produk | DS13: =1/DW9 -> 0.33333333 | DU13: =1/DW11 -> 0.33333333 | DW13: 1 | DY13: {=FindRedCellValue(CU26:DK26)} -> 3 | EA13: {=FindRedCellValue(CU27:DK27)} -> 0.14285714 | EC13: {=FindRedCellValue(CU28:DK28)} -> 5 | EE13: {=FindRedCellValue(CU29:DK29)} -> 5 | EG13: {=FindRedCellValue(CU30:DK30)} -> 3 | EI13: {=FindRedCellValue(CU31:DK31)} -> 0.2 | EM13: Pesanan Kondisi Sempurna | FG13: Kelayakan Produk | FL13: Kesesuaian Jumlah Produk | FN13: =1/FR9 -> 0.33333333 | FP13: =1/FR11 -> 3 | FR13: 1 | FT13: {=FindRedCellValue(EP26:FF26)} -> 0.33333333 | FV13: {=FindRedCellValue(EP27:FF27)} -> 0.33333333 | FX13: {=FindRedCellValue(EP28:FF28)} -> 5 | FZ13: {=FindRedCellValue(EP29:FF29)} -> 3 | GB13: {=FindRedCellValue(EP30:FF30)} -> 3 | GD13: {=FindRedCellValue(EP31:FF31)} -> 3 | GH13: Pesanan Kondisi Sempurna | HB13: Kelayakan Produk | HG13: Kesesuaian Jumlah Produk | HI13: =1/HM9 -> 3 | HK13: =1/HM11 -> 0.33333333 | HM13: 1 | HO13: {=FindRedCellValue(GK26:HA26)} -> 3 | HQ13: {=FindRedCellValue(GK27:HA27)} -> 0.33333333 | HS13: {=FindRedCellValue(GK28:HA28)} -> 3 | HU13: {=FindRedCellValue(GK29:HA29)} -> 3 | HW13: {=FindRedCellValue(GK30:HA30)} -> 0.33333333 | HY13: {=FindRedCellValue(GK31:HA31)} -> 3 | IC13: Pesanan Kondisi Sempurna | IW13: Kelayakan Produk | JB13: Kesesuaian Jumlah Produk | JD13: =1/JH9 -> 3 | JF13: =1/JH11 -> 3 | JH13: 1 | JJ13: {=FindRedCellValue(IF26:IV26)} -> 0.33333333 | JL13: {=FindRedCellValue(IF27:IV27)} -> 0.33333333 | JN13: {=FindRedCellValue(IF28:IV28)} -> 3 | JP13: {=FindRedCellValue(IF29:IV29)} -> 3 | JR13: {=FindRedCellValue(IF30:IV30)} -> 3 | JT13: {=FindRedCellValue(IF31:IV31)} -> 3 | JX13: Pesanan Kondisi Sempurna | KR13: Kelayakan Produk | KW13: Kesesuaian Jumlah Produk | KY13: =1/LC9 -> 0.33333333 | LA13: =1/LC11 -> 0.33333333 | LC13: 1 | LE13: {=FindRedCellValue(KA26:KQ26)} -> 3 | LG13: {=FindRedCellValue(KA27:KQ27)} -> 0.14285714 | LI13: {=FindRedCellValue(KA28:KQ28)} -> 5 | LK13: {=FindRedCellValue(KA29:KQ29)} -> 5 | LM13: {=FindRedCellValue(KA30:KQ30)} -> 3 | LO13: {=FindRedCellValue(KA31:KQ31)} -> 0.2 | LS13: Pesanan Kondisi Sempurna | MM13: Kelayakan Produk | MR13: Kesesuaian Jumlah Produk | MT13: =1/MX9 -> 0.33333333 | MV13: =1/MX11 -> 3 | MX13: 1 | MZ13: {=FindRedCellValue(LV26:ML26)} -> 0.33333333 | NB13: {=FindRedCellValue(LV27:ML27)} -> 0.33333333 | ND13: {=FindRedCellValue(LV28:ML28)} -> 5 | NF13: {=FindRedCellValue(LV29:ML29)} -> 3 | NH13: {=FindRedCellValue(LV30:ML30)} -> 3 | NJ13: {=FindRedCellValue(LV31:ML31)} -> 3 | NN13: Pesanan Kondisi Sempurna | OH13: Kelayakan Produk | OM13: Kesesuaian Jumlah Produk | OO13: =1/OS9 -> 0.33333333 | OQ13: =1/OS11 -> 0.33333333 | OS13: 1 | OU13: {=FindRedCellValue(NQ26:OG26)} -> 5 | OW13: {=FindRedCellValue(NQ27:OG27)} -> 0.33333333 | OY13: {=FindRedCellValue(NQ28:OG28)} -> 7 | PA13: {=FindRedCellValue(NQ29:OG29)} -> 9 | PC13: {=FindRedCellValue(NQ30:OG30)} -> 0.14285714 | PE13: {=FindRedCellValue(NQ31:OG31)} -> 0.14285714 | PI13: Pesanan Kondisi Sempurna | QC13: Kelayakan Produk | QH13: Kesesuaian Jumlah Produk | QJ13: =1/QN9 -> 3 | QL13: =1/QN11 -> 3 | QN13: 1 | QP13: {=FindRedCellValue(PL26:QB26)} -> 0.33333333 | QR13: {=FindRedCellValue(PL27:QB27)} -> 0.33333333 | QT13: {=FindRedCellValue(PL28:QB28)} -> 3 | QV13: {=FindRedCellValue(PL29:QB29)} -> 3 | QX13: {=FindRedCellValue(PL30:QB30)} -> 3 | QZ13: {=FindRedCellValue(PL31:QB31)} -> 3 | RD13: Pesanan Kondisi Sempurna | RX13: Kelayakan Produk | SC13: Kesesuaian Jumlah Produk | SE13: =1/SI9 -> 0.33333333 | SG13: =1/SI11 -> 0.33333333 | SI13: 1 | SK13: {=FindRedCellValue(RG26:RW26)} -> 5 | SM13: {=FindRedCellValue(RG27:RW27)} -> 0.33333333 | SO13: {=FindRedCellValue(RG28:RW28)} -> 7 | SQ13: {=FindRedCellValue(RG29:RW29)} -> 9 | SS13: {=FindRedCellValue(RG30:RW30)} -> 0.14285714 | SU13: {=FindRedCellValue(RG31:RW31)} -> 0.14285714 | SY13: Pesanan Kondisi Sempurna | TS13: Kelayakan Produk | TX13: Kesesuaian Jumlah Produk | TZ13: =1/UD9 -> 0.33333333 | UB13: =1/UD11 -> 0.33333333 | UD13: 1 | UF13: {=FindRedCellValue(TB26:TR26)} -> 3 | UH13: {=FindRedCellValue(TB27:TR27)} -> 0.33333333 | UJ13: {=FindRedCellValue(TB28:TR28)} -> 3 | UL13: {=FindRedCellValue(TB29:TR29)} -> 5 | UN13: {=FindRedCellValue(TB30:TR30)} -> 3 | UP13: {=FindRedCellValue(TB31:TR31)} -> 5 | UX13: Kesesuaian Jumlah Produk | UZ13: =AVERAGE(AC13,BX13,DS13,FN13,HI13,JD13,KY13,MT13,OO13,QJ13,SE13,TZ13) -> 1 | VB13: =AVERAGE(AE13,BZ13,DU13,FP13,HK13,JF13,LA13,MV13,OQ13,QL13,SG13,UB13) -> 1.2222222 | VD13: =AVERAGE(AG13,CB13,DW13,FR13,HM13,JH13,LC13,MX13,OS13,QN13,SI13,UD13) -> 1 | VF13: =AVERAGE(AI13,CD13,DY13,FT13,HO13,JJ13,LE13,MZ13,OU13,QP13,SK13,UF13) -> 2.6111111 | VH13: =AVERAGE(AK13,CF13,EA13,FV13,HQ13,JL13,LG13,NB13,OW13,QR13,SM13,UH13) -> 0.3015873 | VJ13: =AVERAGE(AM13,CH13,EC13,FX13,HS13,JN13,LI13,ND13,OY13,QT13,SO13,UJ13) -> 4.6666667 | VL13: =AVERAGE(AO13,CJ13,EE13,FZ13,HU13,JP13,LK13,NF13,PA13,QV13,SQ13,UL13) -> 5.1666667 | VN13: =AVERAGE(AQ13,CL13,EG13,GB13,HW13,JR13,LM13,NH13,PC13,QX13,SS13,UN13) -> 2.0634921 | VP13: =AVERAGE(AS13,CN13,EI13,GD13,HY13,JT13,LO13,NJ13,PE13,QZ13,SU13,UP13) -> 2.152381
B14: Pesanan Kondisi Sempurna | V14: Kualitas Produk | AW14: Pesanan Kondisi Sempurna | BQ14: Kualitas Produk | CR14: Pesanan Kondisi Sempurna | DL14: Kualitas Produk | EM14: Pesanan Kondisi Sempurna | FG14: Kualitas Produk | GH14: Pesanan Kondisi Sempurna | HB14: Kualitas Produk | IC14: Pesanan Kondisi Sempurna | IW14: Kualitas Produk | JX14: Pesanan Kondisi Sempurna | KR14: Kualitas Produk | LS14: Pesanan Kondisi Sempurna | MM14: Kualitas Produk | NN14: Pesanan Kondisi Sempurna | OH14: Kualitas Produk | PI14: Pesanan Kondisi Sempurna | QC14: Kualitas Produk | RD14: Pesanan Kondisi Sempurna | RX14: Kualitas Produk | SY14: Pesanan Kondisi Sempurna | TS14: Kualitas Produk
AA15: Kesesuaian Jenis Produk | AC15: =1/AI9 -> 0.33333333 | AE15: =1/AI11 -> 0.2 | AG15: =1/AI13 -> 0.2 | AI15: 1 | AK15: {=FindRedCellValue(E34:U34)} -> 0.2 | AM15: {=FindRedCellValue(E35:U35)} -> 3 | AO15: {=FindRedCellValue(E36:U36)} -> 5 | AQ15: {=FindRedCellValue(E37:U37)} -> 0.33333333 | AS15: {=FindRedCellValue(E38:U38)} -> 7 | BV15: Kesesuaian Jenis Produk | BX15: =1/CD9 -> 0.2 | BZ15: =1/CD11 -> 0.33333333 | CB15: =1/CD13 -> 0.33333333 | CD15: 1 | CF15: {=FindRedCellValue(AZ34:BP34)} -> 0.2 | CH15: {=FindRedCellValue(AZ35:BP35)} -> 7 | CJ15: {=FindRedCellValue(AZ36:BP36)} -> 0.33333333 | CL15: {=FindRedCellValue(AZ37:BP37)} -> 5 | CN15: {=FindRedCellValue(AZ38:BP38)} -> 5 | DQ15: Kesesuaian Jenis Produk | DS15: =1/DY9 -> 0.33333333 | DU15: =1/DY11 -> 0.2 | DW15: =1/DY13 -> 0.33333333 | DY15: 1 | EA15: {=FindRedCellValue(CU34:DK34)} -> 0.33333333 | EC15: {=FindRedCellValue(CU35:DK35)} -> 3 | EE15: {=FindRedCellValue(CU36:DK36)} -> 3 | EG15: {=FindRedCellValue(CU37:DK37)} -> 2 | EI15: {=FindRedCellValue(CU38:DK38)} -> 4 | FL15: Kesesuaian Jenis Produk | FN15: =1/FT9 -> 0.2 | FP15: =1/FT11 -> 0.2 | FR15: =1/FT13 -> 3 | FT15: 1 | FV15: {=FindRedCellValue(EP34:FF34)} -> 0.33333333 | FX15: {=FindRedCellValue(EP35:FF35)} -> 0.33333333 | FZ15: {=FindRedCellValue(EP36:FF36)} -> 3 | GB15: {=FindRedCellValue(EP37:FF37)} -> 3 | GD15: {=FindRedCellValue(EP38:FF38)} -> 3 | HG15: Kesesuaian Jenis Produk | HI15: =1/HO9 -> 0.33333333 | HK15: =1/HO11 -> 0.2 | HM15: =1/HO13 -> 0.33333333 | HO15: 1 | HQ15: {=FindRedCellValue(GK34:HA34)} -> 0.2 | HS15: {=FindRedCellValue(GK35:HA35)} -> 3 | HU15: {=FindRedCellValue(GK36:HA36)} -> 5 | HW15: {=FindRedCellValue(GK37:HA37)} -> 7 | HY15: {=FindRedCellValue(GK38:HA38)} -> 7 | JB15: Kesesuaian Jenis Produk | JD15: =1/JJ9 -> 3 | JF15: =1/JJ11 -> 3 | JH15: =1/JJ13 -> 3 | JJ15: 1 | JL15: {=FindRedCellValue(IF34:IV34)} -> 0.33333333 | JN15: {=FindRedCellValue(IF35:IV35)} -> 3 | JP15: {=FindRedCellValue(IF36:IV36)} -> 3 | JR15: {=FindRedCellValue(IF37:IV37)} -> 3 | JT15: {=FindRedCellValue(IF38:IV38)} -> 3 | KW15: Kesesuaian Jenis Produk | KY15: =1/LE9 -> 0.33333333 | LA15: =1/LE11 -> 0.2 | LC15: =1/LE13 -> 0.33333333 | LE15: 1 | LG15: {=FindRedCellValue(KA34:KQ34)} -> 0.33333333 | LI15: {=FindRedCellValue(KA35:KQ35)} -> 3 | LK15: {=FindRedCellValue(KA36:KQ36)} -> 3 | LM15: {=FindRedCellValue(KA37:KQ37)} -> 2 | LO15: {=FindRedCellValue(KA38:KQ38)} -> 4 | MR15: Kesesuaian Jenis Produk | MT15: =1/MZ9 -> 0.2 | MV15: =1/MZ11 -> 0.2 | MX15: =1/MZ13 -> 3 | MZ15: 1 | NB15: {=FindRedCellValue(LV34:ML34)} -> 0.33333333 | ND15: {=FindRedCellValue(LV35:ML35)} -> 0.33333333 | NF15: {=FindRedCellValue(LV36:ML36)} -> 3 | NH15: {=FindRedCellValue(LV37:ML37)} -> 3 | NJ15: {=FindRedCellValue(LV38:ML38)} -> 3 | OM15: Kesesuaian Jenis Produk | OO15: =1/OU9 -> 0.33333333 | OQ15: =1/OU11 -> 0.2 | OS15: =1/OU13 -> 0.2 | OU15: 1 | OW15: {=FindRedCellValue(NQ34:OG34)} -> 0.2 | OY15: {=FindRedCellValue(NQ35:OG35)} -> 3 | PA15: {=FindRedCellValue(NQ36:OG36)} -> 5 | PC15: {=FindRedCellValue(NQ37:OG37)} -> 0.33333333 | PE15: {=FindRedCellValue(NQ38:OG38)} -> 7 | QH15: Kesesuaian Jenis Produk | QJ15: =1/QP9 -> 3 | QL15: =1/QP11 -> 3 | QN15: =1/QP13 -> 3 | QP15: 1 | QR15: {=FindRedCellValue(PL34:QB34)} -> 0.33333333 | QT15: {=FindRedCellValue(PL35:QB35)} -> 3 | QV15: {=FindRedCellValue(PL36:QB36)} -> 3 | QX15: {=FindRedCellValue(PL37:QB37)} -> 3 | QZ15: {=FindRedCellValue(PL38:QB38)} -> 3 | SC15: Kesesuaian Jenis Produk | SE15: =1/SK9 -> 0.33333333 | SG15: =1/SK11 -> 0.2 | SI15: =1/SK13 -> 0.2 | SK15: 1 | SM15: {=FindRedCellValue(RG34:RW34)} -> 0.2 | SO15: {=FindRedCellValue(RG35:RW35)} -> 3 | SQ15: {=FindRedCellValue(RG36:RW36)} -> 5 | SS15: {=FindRedCellValue(RG37:RW37)} -> 0.33333333 | SU15: {=FindRedCellValue(RG38:RW38)} -> 7 | TX15: Kesesuaian Jenis Produk | TZ15: =1/UF9 -> 0.2 | UB15: =1/UF11 -> 0.33333333 | UD15: =1/UF13 -> 0.33333333 | UF15: 1 | UH15: {=FindRedCellValue(TB34:TR34)} -> 0.2 | UJ15: {=FindRedCellValue(TB35:TR35)} -> 7 | UL15: {=FindRedCellValue(TB36:TR36)} -> 0.33333333 | UN15: {=FindRedCellValue(TB37:TR37)} -> 5 | UP15: {=FindRedCellValue(TB38:TR38)} -> 5 | UX15: Kesesuaian Jenis Produk | UZ15: =AVERAGE(AC15,BX15,DS15,FN15,HI15,JD15,KY15,MT15,OO15,QJ15,SE15,TZ15) -> 0.73333333 | VB15: =AVERAGE(AE15,BZ15,DU15,FP15,HK15,JF15,LA15,MV15,OQ15,QL15,SG15,UB15) -> 0.68888889 | VD15: =AVERAGE(AG15,CB15,DW15,FR15,HM15,JH15,LC15,MX15,OS15,QN15,SI15,UD15) -> 1.1888889 | VF15: =AVERAGE(AI15,CD15,DY15,FT15,HO15,JJ15,LE15,MZ15,OU15,QP15,SK15,UF15) -> 1 | VH15: =AVERAGE(AK15,CF15,EA15,FV15,HQ15,JL15,LG15,NB15,OW15,QR15,SM15,UH15) -> 0.26666667 | VJ15: =AVERAGE(AM15,CH15,EC15,FX15,HS15,JN15,LI15,ND15,OY15,QT15,SO15,UJ15) -> 3.2222222 | VL15: =AVERAGE(AO15,CJ15,EE15,FZ15,HU15,JP15,LK15,NF15,PA15,QV15,SQ15,UL15) -> 3.2222222 | VN15: =AVERAGE(AQ15,CL15,EG15,GB15,HW15,JR15,LM15,NH15,PC15,QX15,SS15,UN15) -> 2.8333333 | VP15: =AVERAGE(AS15,CN15,EI15,GD15,HY15,JT15,LO15,NJ15,PE15,QZ15,SU15,UP15) -> 4.8333333
B16: Atribut A | E16: 9 | F16: 8 | G16: 7 | H16: 6 | I16: 5 | J16: 4 | K16: 3 | L16: 2 | M16: 1 | N16: 2 | O16: 3 | P16: 4 | Q16: 5 | R16: 6 | S16: 7 | T16: 8 | U16: 9 | V16: Atribut B | AW16: Atribut A | AZ16: 9 | BA16: 8 | BB16: 7 | BC16: 6 | BD16: 5 | BE16: 4 | BF16: 3 | BG16: 2 | BH16: 1 | BI16: 2 | BJ16: 3 | BK16: 4 | BL16: 5 | BM16: 6 | BN16: 7 | BO16: 8 | BP16: 9 | BQ16: Atribut B | CR16: Atribut A | CU16: 9 | CV16: 8 | CW16: 7 | CX16: 6 | CY16: 5 | CZ16: 4 | DA16: 3 | DB16: 2 | DC16: 1 | DD16: 2 | DE16: 3 | DF16: 4 | DG16: 5 | DH16: 6 | DI16: 7 | DJ16: 8 | DK16: 9 | DL16: Atribut B | EM16: Atribut A | EP16: 9 | EQ16: 8 | ER16: 7 | ES16: 6 | ET16: 5 | EU16: 4 | EV16: 3 | EW16: 2 | EX16: 1 | EY16: 2 | EZ16: 3 | FA16: 4 | FB16: 5 | FC16: 6 | FD16: 7 | FE16: 8 | FF16: 9 | FG16: Atribut B | GH16: Atribut A | GK16: 9 | GL16: 8 | GM16: 7 | GN16: 6 | GO16: 5 | GP16: 4 | GQ16: 3 | GR16: 2 | GS16: 1 | GT16: 2 | GU16: 3 | GV16: 4 | GW16: 5 | GX16: 6 | GY16: 7 | GZ16: 8 | HA16: 9 | HB16: Atribut B | IC16: Atribut A | IF16: 9 | IG16: 8 | IH16: 7 | II16: 6 | IJ16: 5 | IK16: 4 | IL16: 3 | IM16: 2 | IN16: 1 | IO16: 2 | IP16: 3 | IQ16: 4 | IR16: 5 | IS16: 6 | IT16: 7 | IU16: 8 | IV16: 9 | IW16: Atribut B | JX16: Atribut A | KA16: 9 | KB16: 8 | KC16: 7 | KD16: 6 | KE16: 5 | KF16: 4 | KG16: 3 | KH16: 2 | KI16: 1 | KJ16: 2 | KK16: 3 | KL16: 4 | KM16: 5 | KN16: 6 | KO16: 7 | KP16: 8 | KQ16: 9 | KR16: Atribut B | LS16: Atribut A | LV16: 9 | LW16: 8 | LX16: 7 | LY16: 6 | LZ16: 5 | MA16: 4 | MB16: 3 | MC16: 2 | MD16: 1 | ME16: 2 | MF16: 3 | MG16: 4 | MH16: 5 | MI16: 6 | MJ16: 7 | MK16: 8 | ML16: 9 | MM16: Atribut B | NN16: Atribut A | NQ16: 9 | NR16: 8 | NS16: 7 | NT16: 6 | NU16: 5 | NV16: 4 | NW16: 3 | NX16: 2 | NY16: 1 | NZ16: 2 | OA16: 3 | OB16: 4 | OC16: 5 | OD16: 6 | OE16: 7 | OF16: 8 | OG16: 9 | OH16: Atribut B | PI16: Atribut A | PL16: 9 | PM16: 8 | PN16: 7 | PO16: 6 | PP16: 5 | PQ16: 4 | PR16: 3 | PS16: 2 | PT16: 1 | PU16: 2 | PV16: 3 | PW16: 4 | PX16: 5 | PY16: 6 | PZ16: 7 | QA16: 8 | QB16: 9 | QC16: Atribut B | RD16: Atribut A | RG16: 9 | RH16: 8 | RI16: 7 | RJ16: 6 | RK16: 5 | RL16: 4 | RM16: 3 | RN16: 2 | RO16: 1 | RP16: 2 | RQ16: 3 | RR16: 4 | RS16: 5 | RT16: 6 | RU16: 7 | RV16: 8 | RW16: 9 | RX16: Atribut B | SY16: Atribut A | TB16: 9 | TC16: 8 | TD16: 7 | TE16: 6 | TF16: 5 | TG16: 4 | TH16: 3 | TI16: 2 | TJ16: 1 | TK16: 2 | TL16: 3 | TM16: 4 | TN16: 5 | TO16: 6 | TP16: 7 | TQ16: 8 | TR16: 9 | TS16: Atribut B
B17: Akurasi Pemenuhan | V17: Kesesuaian Jumlah Produk | AA17: Kesesuaian Lokasi pengiriman | AC17: =1/AK9 -> 5 | AE17: =1/AK11 -> 5 | AG17: =1/AK13 -> 3 | AI17: =1/AK15 -> 5 | AK17: 1 | AM17: {=FindRedCellValue(E41:U41)} -> 3 | AO17: {=FindRedCellValue(E42:U42)} -> 0.33333333 | AQ17: {=FindRedCellValue(E43:U43)} -> 3 | AS17: {=FindRedCellValue(E44:U44)} -> 3 | AW17: Akurasi Pemenuhan | BQ17: Kesesuaian Jumlah Produk | BV17: Kesesuaian Lokasi pengiriman | BX17: =1/CF9 -> 3 | BZ17: =1/CF11 -> 3 | CB17: =1/CF13 -> 3 | CD17: =1/CF15 -> 5 | CF17: 1 | CH17: {=FindRedCellValue(AZ41:BP41)} -> 3 | CJ17: {=FindRedCellValue(AZ42:BP42)} -> 3 | CL17: {=FindRedCellValue(AZ43:BP43)} -> 5 | CN17: {=FindRedCellValue(AZ44:BP44)} -> 5 | CR17: Akurasi Pemenuhan | DL17: Kesesuaian Jumlah Produk | DQ17: Kesesuaian Lokasi pengiriman | DS17: =1/EA9 -> 5 | DU17: =1/EA11 -> 3 | DW17: =1/EA13 -> 7 | DY17: =1/EA15 -> 3 | EA17: 1 | EC17: {=FindRedCellValue(CU41:DK41)} -> 5 | EE17: {=FindRedCellValue(CU42:DK42)} -> 3 | EG17: {=FindRedCellValue(CU43:DK43)} -> 5 | EI17: {=FindRedCellValue(CU44:DK44)} -> 5 | EM17: Akurasi Pemenuhan | FG17: Kesesuaian Jumlah Produk | FL17: Kesesuaian Lokasi pengiriman | FN17: =1/FV9 -> 3 | FP17: =1/FV11 -> 3 | FR17: =1/FV13 -> 3 | FT17: =1/FV15 -> 3 | FV17: 1 | FX17: {=FindRedCellValue(EP41:FF41)} -> 3 | FZ17: {=FindRedCellValue(EP42:FF42)} -> 3 | GB17: {=FindRedCellValue(EP43:FF43)} -> 5 | GD17: {=FindRedCellValue(EP44:FF44)} -> 7 | GH17: Akurasi Pemenuhan | HB17: Kesesuaian Jumlah Produk | HG17: Kesesuaian Lokasi pengiriman | HI17: =1/HQ9 -> 3 | HK17: =1/HQ11 -> 7 | HM17: =1/HQ13 -> 3 | HO17: =1/HQ15 -> 5 | HQ17: 1 | HS17: {=FindRedCellValue(GK41:HA41)} -> 3 | HU17: {=FindRedCellValue(GK42:HA42)} -> 0.2 | HW17: {=FindRedCellValue(GK43:HA43)} -> 3 | HY17: {=FindRedCellValue(GK44:HA44)} -> 3 | IC17: Akurasi Pemenuhan | IW17: Kesesuaian Jumlah Produk | JB17: Kesesuaian Lokasi pengiriman | JD17: =1/JL9 -> 3 | JF17: =1/JL11 -> 3 | JH17: =1/JL13 -> 3 | JJ17: =1/JL15 -> 3 | JL17: 1 | JN17: {=FindRedCellValue(IF41:IV41)} -> 0.33333333 | JP17: {=FindRedCellValue(IF42:IV42)} -> 0.2 | JR17: {=FindRedCellValue(IF43:IV43)} -> 3 | JT17: {=FindRedCellValue(IF44:IV44)} -> 3 | JX17: Akurasi Pemenuhan | KR17: Kesesuaian Jumlah Produk | KW17: Kesesuaian Lokasi pengiriman | KY17: =1/LG9 -> 5 | LA17: =1/LG11 -> 3 | LC17: =1/LG13 -> 7 | LE17: =1/LG15 -> 3 | LG17: 1 | LI17: {=FindRedCellValue(KA41:KQ41)} -> 5 | LK17: {=FindRedCellValue(KA42:KQ42)} -> 3 | LM17: {=FindRedCellValue(KA43:KQ43)} -> 5 | LO17: {=FindRedCellValue(KA44:KQ44)} -> 5 | LS17: Akurasi Pemenuhan | MM17: Kesesuaian Jumlah Produk | MR17: Kesesuaian Lokasi pengiriman | MT17: =1/NB9 -> 3 | MV17: =1/NB11 -> 3 | MX17: =1/NB13 -> 3 | MZ17: =1/NB15 -> 3 | NB17: 1 | ND17: {=FindRedCellValue(LV41:ML41)} -> 3 | NF17: {=FindRedCellValue(LV42:ML42)} -> 3 | NH17: {=FindRedCellValue(LV43:ML43)} -> 5 | NJ17: {=FindRedCellValue(LV44:ML44)} -> 7 | NN17: Akurasi Pemenuhan | OH17: Kesesuaian Jumlah Produk | OM17: Kesesuaian Lokasi pengiriman | OO17: =1/OW9 -> 5 | OQ17: =1/OW11 -> 5 | OS17: =1/OW13 -> 3 | OU17: =1/OW15 -> 5 | OW17: 1 | OY17: {=FindRedCellValue(NQ41:OG41)} -> 3 | PA17: {=FindRedCellValue(NQ42:OG42)} -> 0.33333333 | PC17: {=FindRedCellValue(NQ43:OG43)} -> 3 | PE17: {=FindRedCellValue(NQ44:OG44)} -> 3 | PI17: Akurasi Pemenuhan | QC17: Kesesuaian Jumlah Produk | QH17: Kesesuaian Lokasi pengiriman | QJ17: =1/QR9 -> 3 | QL17: =1/QR11 -> 3 | QN17: =1/QR13 -> 3 | QP17: =1/QR15 -> 3 | QR17: 1 | QT17: {=FindRedCellValue(PL41:QB41)} -> 0.33333333 | QV17: {=FindRedCellValue(PL42:QB42)} -> 0.2 | QX17: {=FindRedCellValue(PL43:QB43)} -> 3 | QZ17: {=FindRedCellValue(PL44:QB44)} -> 3 | RD17: Akurasi Pemenuhan | RX17: Kesesuaian Jumlah Produk | SC17: Kesesuaian Lokasi pengiriman | SE17: =1/SM9 -> 5 | SG17: =1/SM11 -> 5 | SI17: =1/SM13 -> 3 | SK17: =1/SM15 -> 5 | SM17: 1 | SO17: {=FindRedCellValue(RG41:RW41)} -> 3 | SQ17: {=FindRedCellValue(RG42:RW42)} -> 0.33333333 | SS17: {=FindRedCellValue(RG43:RW43)} -> 3 | SU17: {=FindRedCellValue(RG44:RW44)} -> 3 | SY17: Akurasi Pemenuhan | TS17: Kesesuaian Jumlah Produk | TX17: Kesesuaian Lokasi pengiriman | TZ17: =1/UH9 -> 3 | UB17: =1/UH11 -> 3 | UD17: =1/UH13 -> 3 | UF17: =1/UH15 -> 5 | UH17: 1 | UJ17: {=FindRedCellValue(TB41:TR41)} -> 3 | UL17: {=FindRedCellValue(TB42:TR42)} -> 3 | UN17: {=FindRedCellValue(TB43:TR43)} -> 5 | UP17: {=FindRedCellValue(TB44:TR44)} -> 5 | UX17: Kesesuaian Lokasi pengiriman | UZ17: =AVERAGE(AC17,BX17,DS17,FN17,HI17,JD17,KY17,MT17,OO17,QJ17,SE17,TZ17) -> 3.8333333 | VB17: =AVERAGE(AE17,BZ17,DU17,FP17,HK17,JF17,LA17,MV17,OQ17,QL17,SG17,UB17) -> 3.8333333 | VD17: =AVERAGE(AG17,CB17,DW17,FR17,HM17,JH17,LC17,MX17,OS17,QN17,SI17,UD17) -> 3.6666667 | VF17: =AVERAGE(AI17,CD17,DY17,FT17,HO17,JJ17,LE17,MZ17,OU17,QP17,SK17,UF17) -> 4 | VH17: =AVERAGE(AK17,CF17,EA17,FV17,HQ17,JL17,LG17,NB17,OW17,QR17,SM17,UH17) -> 1 | VJ17: =AVERAGE(AM17,CH17,EC17,FX17,HS17,JN17,LI17,ND17,OY17,QT17,SO17,UJ17) -> 2.8888889 | VL17: =AVERAGE(AO17,CJ17,EE17,FZ17,HU17,JP17,LK17,NF17,PA17,QV17,SQ17,UL17) -> 1.6333333 | VN17: =AVERAGE(AQ17,CL17,EG17,GB17,HW17,JR17,LM17,NH17,PC17,QX17,SS17,UN17) -> 4 | VP17: =AVERAGE(AS17,CN17,EI17,GD17,HY17,JT17,LO17,NJ17,PE17,QZ17,SU17,UP17) -> 4.3333333
B18: Akurasi Pemenuhan | V18: Kesesuaian Jenis Produk | AW18: Akurasi Pemenuhan | BQ18: Kesesuaian Jenis Produk | CR18: Akurasi Pemenuhan | DL18: Kesesuaian Jenis Produk | EM18: Akurasi Pemenuhan | FG18: Kesesuaian Jenis Produk | GH18: Akurasi Pemenuhan | HB18: Kesesuaian Jenis Produk | IC18: Akurasi Pemenuhan | IW18: Kesesuaian Jenis Produk | JX18: Akurasi Pemenuhan | KR18: Kesesuaian Jenis Produk | LS18: Akurasi Pemenuhan | MM18: Kesesuaian Jenis Produk | NN18: Akurasi Pemenuhan | OH18: Kesesuaian Jenis Produk | PI18: Akurasi Pemenuhan | QC18: Kesesuaian Jenis Produk | RD18: Akurasi Pemenuhan | RX18: Kesesuaian Jenis Produk | SY18: Akurasi Pemenuhan | TS18: Kesesuaian Jenis Produk
B19: Akurasi Pemenuhan | V19: Kesesuaian Lokasi Pengiriman | AA19: Kesesuaian Waktu Pengiriman | AC19: =1/AM9 -> 3 | AE19: =1/AM11 -> 7 | AG19: =1/AM13 -> 0.14285714 | AI19: =1/AM15 -> 0.33333333 | AK19: =1/AM17 -> 0.33333333 | AM19: 1 | AO19: {=FindRedCellValue(E47:U47)} -> 0.33333333 | AQ19: {=FindRedCellValue(E48:U48)} -> 0.33333333 | AS19: {=FindRedCellValue(E49:U49)} -> 7 | AW19: Akurasi Pemenuhan | BQ19: Kesesuaian Lokasi Pengiriman | BV19: Kesesuaian Waktu Pengiriman | BX19: =1/CH9 -> 5 | BZ19: =1/CH11 -> 3 | CB19: =1/CH13 -> 0.33333333 | CD19: =1/CH15 -> 0.14285714 | CF19: =1/CH17 -> 0.33333333 | CH19: 1 | CJ19: {=FindRedCellValue(AZ47:BP47)} -> 0.11111111 | CL19: {=FindRedCellValue(AZ48:BP48)} -> 7 | CN19: {=FindRedCellValue(AZ49:BP49)} -> 5 | CR19: Akurasi Pemenuhan | DL19: Kesesuaian Lokasi Pengiriman | DQ19: Kesesuaian Waktu Pengiriman | DS19: =1/EC9 -> 0.33333333 | DU19: =1/EC11 -> 3 | DW19: =1/EC13 -> 0.2 | DY19: =1/EC15 -> 0.33333333 | EA19: =1/EC17 -> 0.2 | EC19: 1 | EE19: {=FindRedCellValue(CU47:DK47)} -> 9 | EG19: {=FindRedCellValue(CU48:DK48)} -> 0.11111111 | EI19: {=FindRedCellValue(CU49:DK49)} -> 0.33333333 | EM19: Akurasi Pemenuhan | FG19: Kesesuaian Lokasi Pengiriman | FL19: Kesesuaian Waktu Pengiriman | FN19: =1/FX9 -> 0.33333333 | FP19: =1/FX11 -> 0.33333333 | FR19: =1/FX13 -> 0.2 | FT19: =1/FX15 -> 3 | FV19: =1/FX17 -> 0.33333333 | FX19: 1 | FZ19: {=FindRedCellValue(EP47:FF47)} -> 0.33333333 | GB19: {=FindRedCellValue(EP48:FF48)} -> 3 | GD19: {=FindRedCellValue(EP49:FF49)} -> 3 | GH19: Akurasi Pemenuhan | HB19: Kesesuaian Lokasi Pengiriman | HG19: Kesesuaian Waktu Pengiriman | HI19: =1/HS9 -> 0.2 | HK19: =1/HS11 -> 9 | HM19: =1/HS13 -> 0.33333333 | HO19: =1/HS15 -> 0.33333333 | HQ19: =1/HS17 -> 0.33333333 | HS19: 1 | HU19: {=FindRedCellValue(GK47:HA47)} -> 0.33333333 | HW19: {=FindRedCellValue(GK48:HA48)} -> 3 | HY19: {=FindRedCellValue(GK49:HA49)} -> 0.2 | IC19: Akurasi Pemenuhan | IW19: Kesesuaian Lokasi Pengiriman | JB19: Kesesuaian Waktu Pengiriman | JD19: =1/JN9 -> 0.33333333 | JF19: =1/JN11 -> 0.33333333 | JH19: =1/JN13 -> 0.33333333 | JJ19: =1/JN15 -> 0.33333333 | JL19: =1/JN17 -> 3 | JN19: 1 | JP19: {=FindRedCellValue(IF47:IV47)} -> 0.33333333 | JR19: {=FindRedCellValue(IF48:IV48)} -> 0.2 | JT19: {=FindRedCellValue(IF49:IV49)} -> 0.2 | JX19: Akurasi Pemenuhan | KR19: Kesesuaian Lokasi Pengiriman | KW19: Kesesuaian Waktu Pengiriman | KY19: =1/LI9 -> 0.33333333 | LA19: =1/LI11 -> 3 | LC19: =1/LI13 -> 0.2 | LE19: =1/LI15 -> 0.33333333 | LG19: =1/LI17 -> 0.2 | LI19: 1 | LK19: {=FindRedCellValue(KA47:KQ47)} -> 9 | LM19: {=FindRedCellValue(KA48:KQ48)} -> 0.11111111 | LO19: {=FindRedCellValue(KA49:KQ49)} -> 0.33333333 | LS19: Akurasi Pemenuhan | MM19: Kesesuaian Lokasi Pengiriman | MR19: Kesesuaian Waktu Pengiriman | MT19: =1/ND9 -> 0.33333333 | MV19: =1/ND11 -> 0.33333333 | MX19: =1/ND13 -> 0.2 | MZ19: =1/ND15 -> 3 | NB19: =1/ND17 -> 0.33333333 | ND19: 1 | NF19: {=FindRedCellValue(LV47:ML47)} -> 0.33333333 | NH19: {=FindRedCellValue(LV48:ML48)} -> 3 | NJ19: {=FindRedCellValue(LV49:ML49)} -> 3 | NN19: Akurasi Pemenuhan | OH19: Kesesuaian Lokasi Pengiriman | OM19: Kesesuaian Waktu Pengiriman | OO19: =1/OY9 -> 3 | OQ19: =1/OY11 -> 7 | OS19: =1/OY13 -> 0.14285714 | OU19: =1/OY15 -> 0.33333333 | OW19: =1/OY17 -> 0.33333333 | OY19: 1 | PA19: {=FindRedCellValue(NQ47:OG47)} -> 0.33333333 | PC19: {=FindRedCellValue(NQ48:OG48)} -> 0.33333333 | PE19: {=FindRedCellValue(NQ49:OG49)} -> 7 | PI19: Akurasi Pemenuhan | QC19: Kesesuaian Lokasi Pengiriman | QH19: Kesesuaian Waktu Pengiriman | QJ19: =1/QT9 -> 0.33333333 | QL19: =1/QT11 -> 0.33333333 | QN19: =1/QT13 -> 0.33333333 | QP19: =1/QT15 -> 0.33333333 | QR19: =1/QT17 -> 3 | QT19: 1 | QV19: {=FindRedCellValue(PL47:QB47)} -> 0.33333333 | QX19: {=FindRedCellValue(PL48:QB48)} -> 0.2 | QZ19: {=FindRedCellValue(PL49:QB49)} -> 0.2 | RD19: Akurasi Pemenuhan | RX19: Kesesuaian Lokasi Pengiriman | SC19: Kesesuaian Waktu Pengiriman | SE19: =1/SO9 -> 3 | SG19: =1/SO11 -> 7 | SI19: =1/SO13 -> 0.14285714 | SK19: =1/SO15 -> 0.33333333 | SM19: =1/SO17 -> 0.33333333 | SO19: 1 | SQ19: {=FindRedCellValue(RG47:RW47)} -> 0.33333333 | SS19: {=FindRedCellValue(RG48:RW48)} -> 0.33333333 | SU19: {=FindRedCellValue(RG49:RW49)} -> 7 | SY19: Akurasi Pemenuhan | TS19: Kesesuaian Lokasi Pengiriman | TX19: Kesesuaian Waktu Pengiriman | TZ19: =1/UJ9 -> 5 | UB19: =1/UJ11 -> 3 | UD19: =1/UJ13 -> 0.33333333 | UF19: =1/UJ15 -> 0.14285714 | UH19: =1/UJ17 -> 0.33333333 | UJ19: 1 | UL19: {=FindRedCellValue(TB47:TR47)} -> 0.11111111 | UN19: {=FindRedCellValue(TB48:TR48)} -> 7 | UP19: {=FindRedCellValue(TB49:TR49)} -> 5 | UX19: Kesesuaian Waktu Pengiriman | UZ19: =AVERAGE(AC19,BX19,DS19,FN19,HI19,JD19,KY19,MT19,OO19,QJ19,SE19,TZ19) -> 1.7666667 | VB19: =AVERAGE(AE19,BZ19,DU19,FP19,HK19,JF19,LA19,MV19,OQ19,QL19,SG19,UB19) -> 3.6111111 | VD19: =AVERAGE(AG19,CB19,DW19,FR19,HM19,JH19,LC19,MX19,OS19,QN19,SI19,UD19) -> 0.24126984 | VF19: =AVERAGE(AI19,CD19,DY19,FT19,HO19,JJ19,LE19,MZ19,OU19,QP19,SK19,UF19) -> 0.74603175 | VH19: =AVERAGE(AK19,CF19,EA19,FV19,HQ19,JL19,LG19,NB19,OW19,QR19,SM19,UH19) -> 0.75555556 | VJ19: =AVERAGE(AM19,CH19,EC19,FX19,HS19,JN19,LI19,ND19,OY19,QT19,SO19,UJ19) -> 1 | VL19: =AVERAGE(AO19,CJ19,EE19,FZ19,HU19,JP19,LK19,NF19,PA19,QV19,SQ19,UL19) -> 1.7407407 | VN19: =AVERAGE(AQ19,CL19,EG19,GB19,HW19,JR19,LM19,NH19,PC19,QX19,SS19,UN19) -> 2.0518519 | VP19: =AVERAGE(AS19,CN19,EI19,GD19,HY19,JT19,LO19,NJ19,PE19,QZ19,SU19,UP19) -> 3.1888889
B20: Akurasi Pemenuhan | V20: Kesesuaian Waktu Pengiriman | AW20: Akurasi Pemenuhan | BQ20: Kesesuaian Waktu Pengiriman | CR20: Akurasi Pemenuhan | DL20: Kesesuaian Waktu Pengiriman | EM20: Akurasi Pemenuhan | FG20: Kesesuaian Waktu Pengiriman | GH20: Akurasi Pemenuhan | HB20: Kesesuaian Waktu Pengiriman | IC20: Akurasi Pemenuhan | IW20: Kesesuaian Waktu Pengiriman | JX20: Akurasi Pemenuhan | KR20: Kesesuaian Waktu Pengiriman | LS20: Akurasi Pemenuhan | MM20: Kesesuaian Waktu Pengiriman | NN20: Akurasi Pemenuhan | OH20: Kesesuaian Waktu Pengiriman | PI20: Akurasi Pemenuhan | QC20: Kesesuaian Waktu Pengiriman | RD20: Akurasi Pemenuhan | RX20: Kesesuaian Waktu Pengiriman | SY20: Akurasi Pemenuhan | TS20: Kesesuaian Waktu Pengiriman
B21: Akurasi Pemenuhan | V21: Akurasi Kondisi Pesanan | AA21: Akurasi Kondisi Pesanan | AC21: =1/AO9 -> 0.2 | AE21: =1/AO11 -> 0.33333333 | AG21: =1/AO13 -> 0.11111111 | AI21: =1/AO15 -> 0.2 | AK21: =1/AO17 -> 3 | AM21: =1/AO19 -> 3 | AO21: 1 | AQ21: {=FindRedCellValue(E52:U52)} -> 0.33333333 | AS21: {=FindRedCellValue(E53:U53)} -> 3 | AW21: Akurasi Pemenuhan | BQ21: Akurasi Kondisi Pesanan | BV21: Akurasi Kondisi Pesanan | BX21: =1/CJ9 -> 0.33333333 | BZ21: =1/CJ11 -> 3 | CB21: =1/CJ13 -> 0.2 | CD21: =1/CJ15 -> 3 | CF21: =1/CJ17 -> 0.33333333 | CH21: =1/CJ19 -> 9 | CJ21: 1 | CL21: {=FindRedCellValue(AZ52:BP52)} -> 0.5 | CN21: {=FindRedCellValue(AZ53:BP53)} -> 5 | CR21: Akurasi Pemenuhan | DL21: Akurasi Kondisi Pesanan | DQ21: Akurasi Kondisi Pesanan | DS21: =1/EE9 -> 5 | DU21: =1/EE11 -> 0.33333333 | DW21: =1/EE13 -> 0.2 | DY21: =1/EE15 -> 0.33333333 | EA21: =1/EE17 -> 0.33333333 | EC21: =1/EE19 -> 0.11111111 | EE21: 1 | EG21: {=FindRedCellValue(CU52:DK52)} -> 0.33333333 | EI21: {=FindRedCellValue(CU53:DK53)} -> 0.33333333 | EM21: Akurasi Pemenuhan | FG21: Akurasi Kondisi Pesanan | FL21: Akurasi Kondisi Pesanan | FN21: =1/FZ9 -> 7 | FP21: =1/FZ11 -> 5 | FR21: =1/FZ13 -> 0.33333333 | FT21: =1/FZ15 -> 0.33333333 | FV21: =1/FZ17 -> 0.33333333 | FX21: =1/FZ19 -> 3 | FZ21: 1 | GB21: {=FindRedCellValue(EP52:FF52)} -> 7 | GD21: {=FindRedCellValue(EP53:FF53)} -> 7 | GH21: Akurasi Pemenuhan | HB21: Akurasi Kondisi Pesanan | HG21: Akurasi Kondisi Pesanan | HI21: =1/HU9 -> 2 | HK21: =1/HU11 -> 0.33333333 | HM21: =1/HU13 -> 0.33333333 | HO21: =1/HU15 -> 0.2 | HQ21: =1/HU17 -> 5 | HS21: =1/HU19 -> 3 | HU21: 1 | HW21: {=FindRedCellValue(GK52:HA52)} -> 3 | HY21: {=FindRedCellValue(GK53:HA53)} -> 0.2 | IC21: Akurasi Pemenuhan | IW21: Akurasi Kondisi Pesanan | JB21: Akurasi Kondisi Pesanan | JD21: =1/JP9 -> 0.33333333 | JF21: =1/JP11 -> 0.33333333 | JH21: =1/JP13 -> 0.33333333 | JJ21: =1/JP15 -> 0.33333333 | JL21: =1/JP17 -> 5 | JN21: =1/JP19 -> 3 | JP21: 1 | JR21: {=FindRedCellValue(IF52:IV52)} -> 3 | JT21: {=FindRedCellValue(IF53:IV53)} -> 0.33333333 | JX21: Akurasi Pemenuhan | KR21: Akurasi Kondisi Pesanan | KW21: Akurasi Kondisi Pesanan | KY21: =1/LK9 -> 5 | LA21: =1/LK11 -> 0.33333333 | LC21: =1/LK13 -> 0.2 | LE21: =1/LK15 -> 0.33333333 | LG21: =1/LK17 -> 0.33333333 | LI21: =1/LK19 -> 0.11111111 | LK21: 1 | LM21: {=FindRedCellValue(KA52:KQ52)} -> 0.33333333 | LO21: {=FindRedCellValue(KA53:KQ53)} -> 0.33333333 | LS21: Akurasi Pemenuhan | MM21: Akurasi Kondisi Pesanan | MR21: Akurasi Kondisi Pesanan | MT21: =1/NF9 -> 7 | MV21: =1/NF11 -> 5 | MX21: =1/NF13 -> 0.33333333 | MZ21: =1/NF15 -> 0.33333333 | NB21: =1/NF17 -> 0.33333333 | ND21: =1/NF19 -> 3 | NF21: 1 | NH21: {=FindRedCellValue(LV52:ML52)} -> 7 | NJ21: {=FindRedCellValue(LV53:ML53)} -> 7 | NN21: Akurasi Pemenuhan | OH21: Akurasi Kondisi Pesanan | OM21: Akurasi Kondisi Pesanan | OO21: =1/PA9 -> 0.2 | OQ21: =1/PA11 -> 0.33333333 | OS21: =1/PA13 -> 0.11111111 | OU21: =1/PA15 -> 0.2 | OW21: =1/PA17 -> 3 | OY21: =1/PA19 -> 3 | PA21: 1 | PC21: {=FindRedCellValue(NQ52:OG52)} -> 0.33333333 | PE21: {=FindRedCellValue(NQ53:OG53)} -> 3 | PI21: Akurasi Pemenuhan | QC21: Akurasi Kondisi Pesanan | QH21: Akurasi Kondisi Pesanan | QJ21: =1/QV9 -> 0.33333333 | QL21: =1/QV11 -> 0.33333333 | QN21: =1/QV13 -> 0.33333333 | QP21: =1/QV15 -> 0.33333333 | QR21: =1/QV17 -> 5 | QT21: =1/QV19 -> 3 | QV21: 1 | QX21: {=FindRedCellValue(PL52:QB52)} -> 3 | QZ21: {=FindRedCellValue(PL53:QB53)} -> 0.33333333 | RD21: Akurasi Pemenuhan | RX21: Akurasi Kondisi Pesanan | SC21: Akurasi Kondisi Pesanan | SE21: =1/SQ9 -> 0.2 | SG21: =1/SQ11 -> 0.33333333 | SI21: =1/SQ13 -> 0.11111111 | SK21: =1/SQ15 -> 0.2 | SM21: =1/SQ17 -> 3 | SO21: =1/SQ19 -> 3 | SQ21: 1 | SS21: {=FindRedCellValue(RG52:RW52)} -> 0.33333333 | SU21: {=FindRedCellValue(RG53:RW53)} -> 3 | SY21: Akurasi Pemenuhan | TS21: Akurasi Kondisi Pesanan | TX21: Akurasi Kondisi Pesanan | TZ21: =1/UL9 -> 0.33333333 | UB21: =1/UL11 -> 3 | UD21: =1/UL13 -> 0.2 | UF21: =1/UL15 -> 3 | UH21: =1/UL17 -> 0.33333333 | UJ21: =1/UL19 -> 9 | UL21: 1 | UN21: {=FindRedCellValue(TB52:TR52)} -> 0.5 | UP21: {=FindRedCellValue(TB53:TR53)} -> 5 | UX21: Akurasi Kondisi Pesanan | UZ21: =AVERAGE(AC21,BX21,DS21,FN21,HI21,JD21,KY21,MT21,OO21,QJ21,SE21,TZ21) -> 2.3277778 | VB21: =AVERAGE(AE21,BZ21,DU21,FP21,HK21,JF21,LA21,MV21,OQ21,QL21,SG21,UB21) -> 1.5555556 | VD21: =AVERAGE(AG21,CB21,DW21,FR21,HM21,JH21,LC21,MX21,OS21,QN21,SI21,UD21) -> 0.23333333 | VF21: =AVERAGE(AI21,CD21,DY21,FT21,HO21,JJ21,LE21,MZ21,OU21,QP21,SK21,UF21) -> 0.73333333 | VH21: =AVERAGE(AK21,CF21,EA21,FV21,HQ21,JL21,LG21,NB21,OW21,QR21,SM21,UH21) -> 2.1666667 | VJ21: =AVERAGE(AM21,CH21,EC21,FX21,HS21,JN21,LI21,ND21,OY21,QT21,SO21,UJ21) -> 3.5185185 | VL21: =AVERAGE(AO21,CJ21,EE21,FZ21,HU21,JP21,LK21,NF21,PA21,QV21,SQ21,UL21) -> 1 | VN21: =AVERAGE(AQ21,CL21,EG21,GB21,HW21,JR21,LM21,NH21,PC21,QX21,SS21,UN21) -> 2.1388889 | VP21: =AVERAGE(AS21,CN21,EI21,GD21,HY21,JT21,LO21,NJ21,PE21,QZ21,SU21,UP21) -> 2.8777778
B22: Akurasi Pemenuhan | V22: Kelayakan Produk | AW22: Akurasi Pemenuhan | BQ22: Kelayakan Produk | CR22: Akurasi Pemenuhan | DL22: Kelayakan Produk | EM22: Akurasi Pemenuhan | FG22: Kelayakan Produk | GH22: Akurasi Pemenuhan | HB22: Kelayakan Produk | IC22: Akurasi Pemenuhan | IW22: Kelayakan Produk | JX22: Akurasi Pemenuhan | KR22: Kelayakan Produk | LS22: Akurasi Pemenuhan | MM22: Kelayakan Produk | NN22: Akurasi Pemenuhan | OH22: Kelayakan Produk | PI22: Akurasi Pemenuhan | QC22: Kelayakan Produk | RD22: Akurasi Pemenuhan | RX22: Kelayakan Produk | SY22: Akurasi Pemenuhan | TS22: Kelayakan Produk
B23: Akurasi Pemenuhan | V23: Kualitas Produk | AA23: Kelayakan Produk | AC23: =1/AQ9 -> 0.14285714 | AE23: =1/AQ11 -> 0.33333333 | AG23: =1/AQ13 -> 7 | AI23: =1/AQ15 -> 3 | AK23: =1/AQ17 -> 0.33333333 | AM23: =1/AQ19 -> 3 | AO23: =1/AQ21 -> 3 | AQ23: 1 | AS23: {=FindRedCellValue(E56:U56)} -> 0.2 | AW23: Akurasi Pemenuhan | BQ23: Kualitas Produk | BV23: Kelayakan Produk | BX23: =1/CL9 -> 0.25 | BZ23: =1/CL11 -> 0.2 | CB23: =1/CL13 -> 0.33333333 | CD23: =1/CL15 -> 0.2 | CF23: =1/CL17 -> 0.2 | CH23: =1/CL19 -> 0.14285714 | CJ23: =1/CL21 -> 2 | CL23: 1 | CN23: {=FindRedCellValue(AZ56:BP56)} -> 0.14285714 | CR23: Akurasi Pemenuhan | DL23: Kualitas Produk | DQ23: Kelayakan Produk | DS23: =1/EG9 -> 0.2 | DU23: =1/EG11 -> 0.33333333 | DW23: =1/EG13 -> 0.33333333 | DY23: =1/EG15 -> 0.5 | EA23: =1/EG17 -> 0.2 | EC23: =1/EG19 -> 9 | EE23: =1/EG21 -> 3 | EG23: 1 | EI23: {=FindRedCellValue(CU56:DK56)} -> 3 | EM23: Akurasi Pemenuhan | FG23: Kualitas Produk | FL23: Kelayakan Produk | FN23: =1/GB9 -> 0.5 | FP23: =1/GB11 -> 0.33333333 | FR23: =1/GB13 -> 0.33333333 | FT23: =1/GB15 -> 0.33333333 | FV23: =1/GB17 -> 0.2 | FX23: =1/GB19 -> 0.33333333 | FZ23: =1/GB21 -> 0.14285714 | GB23: 1 | GD23: {=FindRedCellValue(EP56:FF56)} -> 0.33333333 | GH23: Akurasi Pemenuhan | HB23: Kualitas Produk | HG23: Kelayakan Produk | HI23: =1/HW9 -> 0.33333333 | HK23: =1/HW11 -> 0.14285714 | HM23: =1/HW13 -> 3 | HO23: =1/HW15 -> 0.14285714 | HQ23: =1/HW17 -> 0.33333333 | HS23: =1/HW19 -> 0.33333333 | HU23: =1/HW21 -> 0.33333333 | HW23: 1 | HY23: {=FindRedCellValue(GK56:HA56)} -> 0.33333333 | IC23: Akurasi Pemenuhan | IW23: Kualitas Produk | JB23: Kelayakan Produk | JD23: =1/JR9 -> 0.14285714 | JF23: =1/JR11 -> 0.33333333 | JH23: =1/JR13 -> 0.33333333 | JJ23: =1/JR15 -> 0.33333333 | JL23: =1/JR17 -> 0.33333333 | JN23: =1/JR19 -> 5 | JP23: =1/JR21 -> 0.33333333 | JR23: 1 | JT23: {=FindRedCellValue(IF56:IV56)} -> 5 | JX23: Akurasi Pemenuhan | KR23: Kualitas Produk | KW23: Kelayakan Produk | KY23: =1/LM9 -> 0.2 | LA23: =1/LM11 -> 0.33333333 | LC23: =1/LM13 -> 0.33333333 | LE23: =1/LM15 -> 0.5 | LG23: =1/LM17 -> 0.2 | LI23: =1/LM19 -> 9 | LK23: =1/LM21 -> 3 | LM23: 1 | LO23: {=FindRedCellValue(KA56:KQ56)} -> 3 | LS23: Akurasi Pemenuhan | MM23: Kualitas Produk | MR23: Kelayakan Produk | MT23: =1/NH9 -> 0.5 | MV23: =1/NH11 -> 0.33333333 | MX23: =1/NH13 -> 0.33333333 | MZ23: =1/NH15 -> 0.33333333 | NB23: =1/NH17 -> 0.2 | ND23: =1/NH19 -> 0.33333333 | NF23: =1/NH21 -> 0.14285714 | NH23: 1 | NJ23: {=FindRedCellValue(LV56:ML56)} -> 0.33333333 | NN23: Akurasi Pemenuhan | OH23: Kualitas Produk | OM23: Kelayakan Produk | OO23: =1/PC9 -> 0.14285714 | OQ23: =1/PC11 -> 0.33333333 | OS23: =1/PC13 -> 7 | OU23: =1/PC15 -> 3 | OW23: =1/PC17 -> 0.33333333 | OY23: =1/PC19 -> 3 | PA23: =1/PC21 -> 3 | PC23: 1 | PE23: {=FindRedCellValue(NQ56:OG56)} -> 0.2 | PI23: Akurasi Pemenuhan | QC23: Kualitas Produk | QH23: Kelayakan Produk | QJ23: =1/QX9 -> 0.14285714 | QL23: =1/QX11 -> 0.33333333 | QN23: =1/QX13 -> 0.33333333 | QP23: =1/QX15 -> 0.33333333 | QR23: =1/QX17 -> 0.33333333 | QT23: =1/QX19 -> 5 | QV23: =1/QX21 -> 0.33333333 | QX23: 1 | QZ23: {=FindRedCellValue(PL56:QB56)} -> 5 | RD23: Akurasi Pemenuhan | RX23: Kualitas Produk | SC23: Kelayakan Produk | SE23: =1/SS9 -> 0.14285714 | SG23: =1/SS11 -> 0.33333333 | SI23: =1/SS13 -> 7 | SK23: =1/SS15 -> 3 | SM23: =1/SS17 -> 0.33333333 | SO23: =1/SS19 -> 3 | SQ23: =1/SS21 -> 3 | SS23: 1 | SU23: {=FindRedCellValue(RG56:RW56)} -> 0.2 | SY23: Akurasi Pemenuhan | TS23: Kualitas Produk | TX23: Kelayakan Produk | TZ23: =1/UN9 -> 0.25 | UB23: =1/UN11 -> 0.2 | UD23: =1/UN13 -> 0.33333333 | UF23: =1/UN15 -> 0.2 | UH23: =1/UN17 -> 0.2 | UJ23: =1/UN19 -> 0.14285714 | UL23: =1/UN21 -> 2 | UN23: 1 | UP23: {=FindRedCellValue(TB56:TR56)} -> 0.14285714 | UX23: Kelayakan Produk | UZ23: =AVERAGE(AC23,BX23,DS23,FN23,HI23,JD23,KY23,MT23,OO23,QJ23,SE23,TZ23) -> 0.24563492 | VB23: =AVERAGE(AE23,BZ23,DU23,FP23,HK23,JF23,LA23,MV23,OQ23,QL23,SG23,UB23) -> 0.2952381 | VD23: =AVERAGE(AG23,CB23,DW23,FR23,HM23,JH23,LC23,MX23,OS23,QN23,SI23,UD23) -> 2.2222222 | VF23: =AVERAGE(AI23,CD23,DY23,FT23,HO23,JJ23,LE23,MZ23,OU23,QP23,SK23,UF23) -> 0.98968254 | VH23: =AVERAGE(AK23,CF23,EA23,FV23,HQ23,JL23,LG23,NB23,OW23,QR23,SM23,UH23) -> 0.26666667 | VJ23: =AVERAGE(AM23,CH23,EC23,FX23,HS23,JN23,LI23,ND23,OY23,QT23,SO23,UJ23) -> 3.1904762 | VL23: =AVERAGE(AO23,CJ23,EE23,FZ23,HU23,JP23,LK23,NF23,PA23,QV23,SQ23,UL23) -> 1.6904762 | VN23: =AVERAGE(AQ23,CL23,EG23,GB23,HW23,JR23,LM23,NH23,PC23,QX23,SS23,UN23) -> 1 | VP23: =AVERAGE(AS23,CN23,EI23,GD23,HY23,JT23,LO23,NJ23,PE23,QZ23,SU23,UP23) -> 1.4904762
B25: Atribut A | E25: 9 | F25: 8 | G25: 7 | H25: 6 | I25: 5 | J25: 4 | K25: 3 | L25: 2 | M25: 1 | N25: 2 | O25: 3 | P25: 4 | Q25: 5 | R25: 6 | S25: 7 | T25: 8 | U25: 9 | V25: Atribut B | AA25: Kualitas Produk | AC25: =1/AS9 -> 5 | AE25: =1/AS11 -> 3 | AG25: =1/AS13 -> 7 | AI25: =1/AS15 -> 0.14285714 | AK25: =1/AS17 -> 0.33333333 | AM25: =1/AS19 -> 0.14285714 | AO25: =1/AS21 -> 0.33333333 | AQ25: =1/AS23 -> 5 | AS25: 1 | AW25: Atribut A | AZ25: 9 | BA25: 8 | BB25: 7 | BC25: 6 | BD25: 5 | BE25: 4 | BF25: 3 | BG25: 2 | BH25: 1 | BI25: 2 | BJ25: 3 | BK25: 4 | BL25: 5 | BM25: 6 | BN25: 7 | BO25: 8 | BP25: 9 | BQ25: Atribut B | BV25: Kualitas Produk | BX25: =1/CN9 -> 0.25 | BZ25: =1/CN11 -> 0.33333333 | CB25: =1/CN13 -> 0.2 | CD25: =1/CN15 -> 0.2 | CF25: =1/CN17 -> 0.2 | CH25: =1/CN19 -> 0.2 | CJ25: =1/CN21 -> 0.2 | CL25: =1/CN23 -> 7 | CN25: 1 | CR25: Atribut A | CU25: 9 | CV25: 8 | CW25: 7 | CX25: 6 | CY25: 5 | CZ25: 4 | DA25: 3 | DB25: 2 | DC25: 1 | DD25: 2 | DE25: 3 | DF25: 4 | DG25: 5 | DH25: 6 | DI25: 7 | DJ25: 8 | DK25: 9 | DL25: Atribut B | DQ25: Kualitas Produk | DS25: =1/EI9 -> 0.2 | DU25: =1/EI11 -> 0.33333333 | DW25: =1/EI13 -> 5 | DY25: =1/EI15 -> 0.25 | EA25: =1/EI17 -> 0.2 | EC25: =1/EI19 -> 3 | EE25: =1/EI21 -> 3 | EG25: =1/EI23 -> 0.33333333 | EI25: 1 | EM25: Atribut A | EP25: 9 | EQ25: 8 | ER25: 7 | ES25: 6 | ET25: 5 | EU25: 4 | EV25: 3 | EW25: 2 | EX25: 1 | EY25: 2 | EZ25: 3 | FA25: 4 | FB25: 5 | FC25: 6 | FD25: 7 | FE25: 8 | FF25: 9 | FG25: Atribut B | FL25: Kualitas Produk | FN25: =1/GD9 -> 0.5 | FP25: =1/GD11 -> 5 | FR25: =1/GD13 -> 0.33333333 | FT25: =1/GD15 -> 0.33333333 | FV25: =1/GD17 -> 0.14285714 | FX25: =1/GD19 -> 0.33333333 | FZ25: =1/GD21 -> 0.14285714 | GB25: =1/GD23 -> 3 | GD25: 1 | GH25: Atribut A | GK25: 9 | GL25: 8 | GM25: 7 | GN25: 6 | GO25: 5 | GP25: 4 | GQ25: 3 | GR25: 2 | GS25: 1 | GT25: 2 | GU25: 3 | GV25: 4 | GW25: 5 | GX25: 6 | GY25: 7 | GZ25: 8 | HA25: 9 | HB25: Atribut B | HG25: Kualitas Produk | HI25: =1/HY9 -> 0.2 | HK25: =1/HY11 -> 0.14285714 | HM25: =1/HY13 -> 0.33333333 | HO25: =1/HY15 -> 0.14285714 | HQ25: =1/HY17 -> 0.33333333 | HS25: =1/HY19 -> 5 | HU25: =1/HY21 -> 5 | HW25: =1/HY23 -> 3 | HY25: 1 | IC25: Atribut A | IF25: 9 | IG25: 8 | IH25: 7 | II25: 6 | IJ25: 5 | IK25: 4 | IL25: 3 | IM25: 2 | IN25: 1 | IO25: 2 | IP25: 3 | IQ25: 4 | IR25: 5 | IS25: 6 | IT25: 7 | IU25: 8 | IV25: 9 | IW25: Atribut B | JB25: Kualitas Produk | JD25: =1/JT9 -> 0.14285714 | JF25: =1/JT11 -> 0.33333333 | JH25: =1/JT13 -> 0.33333333 | JJ25: =1/JT15 -> 0.33333333 | JL25: =1/JT17 -> 0.33333333 | JN25: =1/JT19 -> 5 | JP25: =1/JT21 -> 3 | JR25: =1/JT23 -> 0.2 | JT25: 1 | JX25: Atribut A | KA25: 9 | KB25: 8 | KC25: 7 | KD25: 6 | KE25: 5 | KF25: 4 | KG25: 3 | KH25: 2 | KI25: 1 | KJ25: 2 | KK25: 3 | KL25: 4 | KM25: 5 | KN25: 6 | KO25: 7 | KP25: 8 | KQ25: 9 | KR25: Atribut B | KW25: Kualitas Produk | KY25: =1/LO9 -> 0.2 | LA25: =1/LO11 -> 0.33333333 | LC25: =1/LO13 -> 5 | LE25: =1/LO15 -> 0.25 | LG25: =1/LO17 -> 0.2 | LI25: =1/LO19 -> 3 | LK25: =1/LO21 -> 3 | LM25: =1/LO23 -> 0.33333333 | LO25: 1 | LS25: Atribut A | LV25: 9 | LW25: 8 | LX25: 7 | LY25: 6 | LZ25: 5 | MA25: 4 | MB25: 3 | MC25: 2 | MD25: 1 | ME25: 2 | MF25: 3 | MG25: 4 | MH25: 5 | MI25: 6 | MJ25: 7 | MK25: 8 | ML25: 9 | MM25: Atribut B | MR25: Kualitas Produk | MT25: =1/NJ9 -> 0.5 | MV25: =1/NJ11 -> 5 | MX25: =1/NJ13 -> 0.33333333 | MZ25: =1/NJ15 -> 0.33333333 | NB25: =1/NJ17 -> 0.14285714 | ND25: =1/NJ19 -> 0.33333333 | NF25: =1/NJ21 -> 0.14285714 | NH25: =1/NJ23 -> 3 | NJ25: 1 | NN25: Atribut A | NQ25: 9 | NR25: 8 | NS25: 7 | NT25: 6 | NU25: 5 | NV25: 4 | NW25: 3 | NX25: 2 | NY25: 1 | NZ25: 2 | OA25: 3 | OB25: 4 | OC25: 5 | OD25: 6 | OE25: 7 | OF25: 8 | OG25: 9 | OH25: Atribut B | OM25: Kualitas Produk | OO25: =1/PE9 -> 5 | OQ25: =1/PE11 -> 3 | OS25: =1/PE13 -> 7 | OU25: =1/PE15 -> 0.14285714 | OW25: =1/PE17 -> 0.33333333 | OY25: =1/PE19 -> 0.14285714 | PA25: =1/PE21 -> 0.33333333 | PC25: =1/PE23 -> 5 | PE25: 1 | PI25: Atribut A | PL25: 9 | PM25: 8 | PN25: 7 | PO25: 6 | PP25: 5 | PQ25: 4 | PR25: 3 | PS25: 2 | PT25: 1 | PU25: 2 | PV25: 3 | PW25: 4 | PX25: 5 | PY25: 6 | PZ25: 7 | QA25: 8 | QB25: 9 | QC25: Atribut B | QH25: Kualitas Produk | QJ25: =1/QZ9 -> 0.14285714 | QL25: =1/QZ11 -> 0.33333333 | QN25: =1/QZ13 -> 0.33333333 | QP25: =1/QZ15 -> 0.33333333 | QR25: =1/QZ17 -> 0.33333333 | QT25: =1/QZ19 -> 5 | QV25: =1/QZ21 -> 3 | QX25: =1/QZ23 -> 0.2 | QZ25: 1 | RD25: Atribut A | RG25: 9 | RH25: 8 | RI25: 7 | RJ25: 6 | RK25: 5 | RL25: 4 | RM25: 3 | RN25: 2 | RO25: 1 | RP25: 2 | RQ25: 3 | RR25: 4 | RS25: 5 | RT25: 6 | RU25: 7 | RV25: 8 | RW25: 9 | RX25: Atribut B | SC25: Kualitas Produk | SE25: =1/SU9 -> 5 | SG25: =1/SU11 -> 3 | SI25: =1/SU13 -> 7 | SK25: =1/SU15 -> 0.14285714 | SM25: =1/SU17 -> 0.33333333 | SO25: =1/SU19 -> 0.14285714 | SQ25: =1/SU21 -> 0.33333333 | SS25: =1/SU23 -> 5 | SU25: 1 | SY25: Atribut A | TB25: 9 | TC25: 8 | TD25: 7 | TE25: 6 | TF25: 5 | TG25: 4 | TH25: 3 | TI25: 2 | TJ25: 1 | TK25: 2 | TL25: 3 | TM25: 4 | TN25: 5 | TO25: 6 | TP25: 7 | TQ25: 8 | TR25: 9 | TS25: Atribut B | TX25: Kualitas Produk | TZ25: =1/UP9 -> 0.25 | UB25: =1/UP11 -> 0.33333333 | UD25: =1/UP13 -> 0.2 | UF25: =1/UP15 -> 0.2 | UH25: =1/UP17 -> 0.2 | UJ25: =1/UP19 -> 0.2 | UL25: =1/UP21 -> 0.2 | UN25: =1/UP23 -> 7 | UP25: 1 | UX25: Kualitas Produk | UZ25: =AVERAGE(AC25,BX25,DS25,FN25,HI25,JD25,KY25,MT25,OO25,QJ25,SE25,TZ25) -> 1.4488095 | VB25: =AVERAGE(AE25,BZ25,DU25,FP25,HK25,JF25,LA25,MV25,OQ25,QL25,SG25,UB25) -> 1.7619048 | VD25: =AVERAGE(AG25,CB25,DW25,FR25,HM25,JH25,LC25,MX25,OS25,QN25,SI25,UD25) -> 2.7555556 | VF25: =AVERAGE(AI25,CD25,DY25,FT25,HO25,JJ25,LE25,MZ25,OU25,QP25,SK25,UF25) -> 0.23373016 | VH25: =AVERAGE(AK25,CF25,EA25,FV25,HQ25,JL25,LG25,NB25,OW25,QR25,SM25,UH25) -> 0.25714286 | VJ25: =AVERAGE(AM25,CH25,EC25,FX25,HS25,JN25,LI25,ND25,OY25,QT25,SO25,UJ25) -> 1.8746032 | VL25: =AVERAGE(AO25,CJ25,EE25,FZ25,HU25,JP25,LK25,NF25,PA25,QV25,SQ25,UL25) -> 1.5571429 | VN25: =AVERAGE(AQ25,CL25,EG25,GB25,HW25,JR25,LM25,NH25,PC25,QX25,SS25,UN25) -> 3.2555556 | VP25: =AVERAGE(AS25,CN25,EI25,GD25,HY25,JT25,LO25,NJ25,PE25,QZ25,SU25,UP25) -> 1
B26: Kesesuaian Jumlah Produk | V26: Kesesuaian Jenis Produk | AW26: Kesesuaian Jumlah Produk | BQ26: Kesesuaian Jenis Produk | CR26: Kesesuaian Jumlah Produk | DL26: Kesesuaian Jenis Produk | EM26: Kesesuaian Jumlah Produk | FG26: Kesesuaian Jenis Produk | GH26: Kesesuaian Jumlah Produk | HB26: Kesesuaian Jenis Produk | IC26: Kesesuaian Jumlah Produk | IW26: Kesesuaian Jenis Produk | JX26: Kesesuaian Jumlah Produk | KR26: Kesesuaian Jenis Produk | LS26: Kesesuaian Jumlah Produk | MM26: Kesesuaian Jenis Produk | NN26: Kesesuaian Jumlah Produk | OH26: Kesesuaian Jenis Produk | PI26: Kesesuaian Jumlah Produk | QC26: Kesesuaian Jenis Produk | RD26: Kesesuaian Jumlah Produk | RX26: Kesesuaian Jenis Produk | SY26: Kesesuaian Jumlah Produk | TS26: Kesesuaian Jenis Produk
B27: Kesesuaian Jumlah Produk | V27: Kesesuaian Lokasi Pengiriman | AW27: Kesesuaian Jumlah Produk | BQ27: Kesesuaian Lokasi Pengiriman | CR27: Kesesuaian Jumlah Produk | DL27: Kesesuaian Lokasi Pengiriman | EM27: Kesesuaian Jumlah Produk | FG27: Kesesuaian Lokasi Pengiriman | GH27: Kesesuaian Jumlah Produk | HB27: Kesesuaian Lokasi Pengiriman | IC27: Kesesuaian Jumlah Produk | IW27: Kesesuaian Lokasi Pengiriman | JX27: Kesesuaian Jumlah Produk | KR27: Kesesuaian Lokasi Pengiriman | LS27: Kesesuaian Jumlah Produk | MM27: Kesesuaian Lokasi Pengiriman | NN27: Kesesuaian Jumlah Produk | OH27: Kesesuaian Lokasi Pengiriman | PI27: Kesesuaian Jumlah Produk | QC27: Kesesuaian Lokasi Pengiriman | RD27: Kesesuaian Jumlah Produk | RX27: Kesesuaian Lokasi Pengiriman | SY27: Kesesuaian Jumlah Produk | TS27: Kesesuaian Lokasi Pengiriman
B28: Kesesuaian Jumlah Produk | V28: Kesesuaian Waktu Pengiriman | AW28: Kesesuaian Jumlah Produk | BQ28: Kesesuaian Waktu Pengiriman | CR28: Kesesuaian Jumlah Produk | DL28: Kesesuaian Waktu Pengiriman | EM28: Kesesuaian Jumlah Produk | FG28: Kesesuaian Waktu Pengiriman | GH28: Kesesuaian Jumlah Produk | HB28: Kesesuaian Waktu Pengiriman | IC28: Kesesuaian Jumlah Produk | IW28: Kesesuaian Waktu Pengiriman | JX28: Kesesuaian Jumlah Produk | KR28: Kesesuaian Waktu Pengiriman | LS28: Kesesuaian Jumlah Produk | MM28: Kesesuaian Waktu Pengiriman | NN28: Kesesuaian Jumlah Produk | OH28: Kesesuaian Waktu Pengiriman | PI28: Kesesuaian Jumlah Produk | QC28: Kesesuaian Waktu Pengiriman | RD28: Kesesuaian Jumlah Produk | RX28: Kesesuaian Waktu Pengiriman | SY28: Kesesuaian Jumlah Produk | TS28: Kesesuaian Waktu Pengiriman
B29: Kesesuaian Jumlah Produk | V29: Akurasi Kondisi Pesanan | AW29: Kesesuaian Jumlah Produk | BQ29: Akurasi Kondisi Pesanan | CR29: Kesesuaian Jumlah Produk | DL29: Akurasi Kondisi Pesanan | EM29: Kesesuaian Jumlah Produk | FG29: Akurasi Kondisi Pesanan | GH29: Kesesuaian Jumlah Produk | HB29: Akurasi Kondisi Pesanan | IC29: Kesesuaian Jumlah Produk | IW29: Akurasi Kondisi Pesanan | JX29: Kesesuaian Jumlah Produk | KR29: Akurasi Kondisi Pesanan | LS29: Kesesuaian Jumlah Produk | MM29: Akurasi Kondisi Pesanan | NN29: Kesesuaian Jumlah Produk | OH29: Akurasi Kondisi Pesanan | PI29: Kesesuaian Jumlah Produk | QC29: Akurasi Kondisi Pesanan | RD29: Kesesuaian Jumlah Produk | RX29: Akurasi Kondisi Pesanan | SY29: Kesesuaian Jumlah Produk | TS29: Akurasi Kondisi Pesanan
B30: Kesesuaian Jumlah Produk | V30: Kelayakan Produk | AW30: Kesesuaian Jumlah Produk | BQ30: Kelayakan Produk | CR30: Kesesuaian Jumlah Produk | DL30: Kelayakan Produk | EM30: Kesesuaian Jumlah Produk | FG30: Kelayakan Produk | GH30: Kesesuaian Jumlah Produk | HB30: Kelayakan Produk | IC30: Kesesuaian Jumlah Produk | IW30: Kelayakan Produk | JX30: Kesesuaian Jumlah Produk | KR30: Kelayakan Produk | LS30: Kesesuaian Jumlah Produk | MM30: Kelayakan Produk | NN30: Kesesuaian Jumlah Produk | OH30: Kelayakan Produk | PI30: Kesesuaian Jumlah Produk | QC30: Kelayakan Produk | RD30: Kesesuaian Jumlah Produk | RX30: Kelayakan Produk | SY30: Kesesuaian Jumlah Produk | TS30: Kelayakan Produk
B31: Kesesuaian Jumlah Produk | V31: Kualitas Produk | AW31: Kesesuaian Jumlah Produk | BQ31: Kualitas Produk | CR31: Kesesuaian Jumlah Produk | DL31: Kualitas Produk | EM31: Kesesuaian Jumlah Produk | FG31: Kualitas Produk | GH31: Kesesuaian Jumlah Produk | HB31: Kualitas Produk | IC31: Kesesuaian Jumlah Produk | IW31: Kualitas Produk | JX31: Kesesuaian Jumlah Produk | KR31: Kualitas Produk | LS31: Kesesuaian Jumlah Produk | MM31: Kualitas Produk | NN31: Kesesuaian Jumlah Produk | OH31: Kualitas Produk | PI31: Kesesuaian Jumlah Produk | QC31: Kualitas Produk | RD31: Kesesuaian Jumlah Produk | RX31: Kualitas Produk | SY31: Kesesuaian Jumlah Produk | TS31: Kualitas Produk
B33: Atribut A | E33: 9 | F33: 8 | G33: 7 | H33: 6 | I33: 5 | J33: 4 | K33: 3 | L33: 2 | M33: 1 | N33: 2 | O33: 3 | P33: 4 | Q33: 5 | R33: 6 | S33: 7 | T33: 8 | U33: 9 | V33: Atribut B | AW33: Atribut A | AZ33: 9 | BA33: 8 | BB33: 7 | BC33: 6 | BD33: 5 | BE33: 4 | BF33: 3 | BG33: 2 | BH33: 1 | BI33: 2 | BJ33: 3 | BK33: 4 | BL33: 5 | BM33: 6 | BN33: 7 | BO33: 8 | BP33: 9 | BQ33: Atribut B | CR33: Atribut A | CU33: 9 | CV33: 8 | CW33: 7 | CX33: 6 | CY33: 5 | CZ33: 4 | DA33: 3 | DB33: 2 | DC33: 1 | DD33: 2 | DE33: 3 | DF33: 4 | DG33: 5 | DH33: 6 | DI33: 7 | DJ33: 8 | DK33: 9 | DL33: Atribut B | EM33: Atribut A | EP33: 9 | EQ33: 8 | ER33: 7 | ES33: 6 | ET33: 5 | EU33: 4 | EV33: 3 | EW33: 2 | EX33: 1 | EY33: 2 | EZ33: 3 | FA33: 4 | FB33: 5 | FC33: 6 | FD33: 7 | FE33: 8 | FF33: 9 | FG33: Atribut B | GH33: Atribut A | GK33: 9 | GL33: 8 | GM33: 7 | GN33: 6 | GO33: 5 | GP33: 4 | GQ33: 3 | GR33: 2 | GS33: 1 | GT33: 2 | GU33: 3 | GV33: 4 | GW33: 5 | GX33: 6 | GY33: 7 | GZ33: 8 | HA33: 9 | HB33: Atribut B | IC33: Atribut A | IF33: 9 | IG33: 8 | IH33: 7 | II33: 6 | IJ33: 5 | IK33: 4 | IL33: 3 | IM33: 2 | IN33: 1 | IO33: 2 | IP33: 3 | IQ33: 4 | IR33: 5 | IS33: 6 | IT33: 7 | IU33: 8 | IV33: 9 | IW33: Atribut B | JX33: Atribut A | KA33: 9 | KB33: 8 | KC33: 7 | KD33: 6 | KE33: 5 | KF33: 4 | KG33: 3 | KH33: 2 | KI33: 1 | KJ33: 2 | KK33: 3 | KL33: 4 | KM33: 5 | KN33: 6 | KO33: 7 | KP33: 8 | KQ33: 9 | KR33: Atribut B | LS33: Atribut A | LV33: 9 | LW33: 8 | LX33: 7 | LY33: 6 | LZ33: 5 | MA33: 4 | MB33: 3 | MC33: 2 | MD33: 1 | ME33: 2 | MF33: 3 | MG33: 4 | MH33: 5 | MI33: 6 | MJ33: 7 | MK33: 8 | ML33: 9 | MM33: Atribut B | NN33: Atribut A | NQ33: 9 | NR33: 8 | NS33: 7 | NT33: 6 | NU33: 5 | NV33: 4 | NW33: 3 | NX33: 2 | NY33: 1 | NZ33: 2 | OA33: 3 | OB33: 4 | OC33: 5 | OD33: 6 | OE33: 7 | OF33: 8 | OG33: 9 | OH33: Atribut B | PI33: Atribut A | PL33: 9 | PM33: 8 | PN33: 7 | PO33: 6 | PP33: 5 | PQ33: 4 | PR33: 3 | PS33: 2 | PT33: 1 | PU33: 2 | PV33: 3 | PW33: 4 | PX33: 5 | PY33: 6 | PZ33: 7 | QA33: 8 | QB33: 9 | QC33: Atribut B | RD33: Atribut A | RG33: 9 | RH33: 8 | RI33: 7 | RJ33: 6 | RK33: 5 | RL33: 4 | RM33: 3 | RN33: 2 | RO33: 1 | RP33: 2 | RQ33: 3 | RR33: 4 | RS33: 5 | RT33: 6 | RU33: 7 | RV33: 8 | RW33: 9 | RX33: Atribut B | SY33: Atribut A | TB33: 9 | TC33: 8 | TD33: 7 | TE33: 6 | TF33: 5 | TG33: 4 | TH33: 3 | TI33: 2 | TJ33: 1 | TK33: 2 | TL33: 3 | TM33: 4 | TN33: 5 | TO33: 6 | TP33: 7 | TQ33: 8 | TR33: 9 | TS33: Atribut B
B34: Kesesuaian Jenis Produk | V34: Kesesuaian Lokasi Pengiriman | AW34: Kesesuaian Jenis Produk | BQ34: Kesesuaian Lokasi Pengiriman | CR34: Kesesuaian Jenis Produk | DL34: Kesesuaian Lokasi Pengiriman | EM34: Kesesuaian Jenis Produk | FG34: Kesesuaian Lokasi Pengiriman | GH34: Kesesuaian Jenis Produk | HB34: Kesesuaian Lokasi Pengiriman | IC34: Kesesuaian Jenis Produk | IW34: Kesesuaian Lokasi Pengiriman | JX34: Kesesuaian Jenis Produk | KR34: Kesesuaian Lokasi Pengiriman | LS34: Kesesuaian Jenis Produk | MM34: Kesesuaian Lokasi Pengiriman | NN34: Kesesuaian Jenis Produk | OH34: Kesesuaian Lokasi Pengiriman | PI34: Kesesuaian Jenis Produk | QC34: Kesesuaian Lokasi Pengiriman | RD34: Kesesuaian Jenis Produk | RX34: Kesesuaian Lokasi Pengiriman | SY34: Kesesuaian Jenis Produk | TS34: Kesesuaian Lokasi Pengiriman
B35: Kesesuaian Jenis Produk | V35: Kesesuaian Waktu Pengiriman | AW35: Kesesuaian Jenis Produk | BQ35: Kesesuaian Waktu Pengiriman | CR35: Kesesuaian Jenis Produk | DL35: Kesesuaian Waktu Pengiriman | EM35: Kesesuaian Jenis Produk | FG35: Kesesuaian Waktu Pengiriman | GH35: Kesesuaian Jenis Produk | HB35: Kesesuaian Waktu Pengiriman | IC35: Kesesuaian Jenis Produk | IW35: Kesesuaian Waktu Pengiriman | JX35: Kesesuaian Jenis Produk | KR35: Kesesuaian Waktu Pengiriman | LS35: Kesesuaian Jenis Produk | MM35: Kesesuaian Waktu Pengiriman | NN35: Kesesuaian Jenis Produk | OH35: Kesesuaian Waktu Pengiriman | PI35: Kesesuaian Jenis Produk | QC35: Kesesuaian Waktu Pengiriman | RD35: Kesesuaian Jenis Produk | RX35: Kesesuaian Waktu Pengiriman | SY35: Kesesuaian Jenis Produk | TS35: Kesesuaian Waktu Pengiriman
B36: Kesesuaian Jenis Produk | V36: Akurasi Kondisi Pesanan | AW36: Kesesuaian Jenis Produk | BQ36: Akurasi Kondisi Pesanan | CR36: Kesesuaian Jenis Produk | DL36: Akurasi Kondisi Pesanan | EM36: Kesesuaian Jenis Produk | FG36: Akurasi Kondisi Pesanan | GH36: Kesesuaian Jenis Produk | HB36: Akurasi Kondisi Pesanan | IC36: Kesesuaian Jenis Produk | IW36: Akurasi Kondisi Pesanan | JX36: Kesesuaian Jenis Produk | KR36: Akurasi Kondisi Pesanan | LS36: Kesesuaian Jenis Produk | MM36: Akurasi Kondisi Pesanan | NN36: Kesesuaian Jenis Produk | OH36: Akurasi Kondisi Pesanan | PI36: Kesesuaian Jenis Produk | QC36: Akurasi Kondisi Pesanan | RD36: Kesesuaian Jenis Produk | RX36: Akurasi Kondisi Pesanan | SY36: Kesesuaian Jenis Produk | TS36: Akurasi Kondisi Pesanan
B37: Kesesuaian Jenis Produk | V37: Kelayakan Produk | AW37: Kesesuaian Jenis Produk | BQ37: Kelayakan Produk | CR37: Kesesuaian Jenis Produk | DL37: Kelayakan Produk | EM37: Kesesuaian Jenis Produk | FG37: Kelayakan Produk | GH37: Kesesuaian Jenis Produk | HB37: Kelayakan Produk | IC37: Kesesuaian Jenis Produk | IW37: Kelayakan Produk | JX37: Kesesuaian Jenis Produk | KR37: Kelayakan Produk | LS37: Kesesuaian Jenis Produk | MM37: Kelayakan Produk | NN37: Kesesuaian Jenis Produk | OH37: Kelayakan Produk | PI37: Kesesuaian Jenis Produk | QC37: Kelayakan Produk | RD37: Kesesuaian Jenis Produk | RX37: Kelayakan Produk | SY37: Kesesuaian Jenis Produk | TS37: Kelayakan Produk
B38: Kesesuaian Jenis Produk | V38: Kualitas Produk | AW38: Kesesuaian Jenis Produk | BQ38: Kualitas Produk | CR38: Kesesuaian Jenis Produk | DL38: Kualitas Produk | EM38: Kesesuaian Jenis Produk | FG38: Kualitas Produk | GH38: Kesesuaian Jenis Produk | HB38: Kualitas Produk | IC38: Kesesuaian Jenis Produk | IW38: Kualitas Produk | JX38: Kesesuaian Jenis Produk | KR38: Kualitas Produk | LS38: Kesesuaian Jenis Produk | MM38: Kualitas Produk | NN38: Kesesuaian Jenis Produk | OH38: Kualitas Produk | PI38: Kesesuaian Jenis Produk | QC38: Kualitas Produk | RD38: Kesesuaian Jenis Produk | RX38: Kualitas Produk | SY38: Kesesuaian Jenis Produk | TS38: Kualitas Produk
B40: Atribut A | E40: 9 | F40: 8 | G40: 7 | H40: 6 | I40: 5 | J40: 4 | K40: 3 | L40: 2 | M40: 1 | N40: 2 | O40: 3 | P40: 4 | Q40: 5 | R40: 6 | S40: 7 | T40: 8 | U40: 9 | V40: Atribut B | AW40: Atribut A | AZ40: 9 | BA40: 8 | BB40: 7 | BC40: 6 | BD40: 5 | BE40: 4 | BF40: 3 | BG40: 2 | BH40: 1 | BI40: 2 | BJ40: 3 | BK40: 4 | BL40: 5 | BM40: 6 | BN40: 7 | BO40: 8 | BP40: 9 | BQ40: Atribut B | CR40: Atribut A | CU40: 9 | CV40: 8 | CW40: 7 | CX40: 6 | CY40: 5 | CZ40: 4 | DA40: 3 | DB40: 2 | DC40: 1 | DD40: 2 | DE40: 3 | DF40: 4 | DG40: 5 | DH40: 6 | DI40: 7 | DJ40: 8 | DK40: 9 | DL40: Atribut B | EM40: Atribut A | EP40: 9 | EQ40: 8 | ER40: 7 | ES40: 6 | ET40: 5 | EU40: 4 | EV40: 3 | EW40: 2 | EX40: 1 | EY40: 2 | EZ40: 3 | FA40: 4 | FB40: 5 | FC40: 6 | FD40: 7 | FE40: 8 | FF40: 9 | FG40: Atribut B | GH40: Atribut A | GK40: 9 | GL40: 8 | GM40: 7 | GN40: 6 | GO40: 5 | GP40: 4 | GQ40: 3 | GR40: 2 | GS40: 1 | GT40: 2 | GU40: 3 | GV40: 4 | GW40: 5 | GX40: 6 | GY40: 7 | GZ40: 8 | HA40: 9 | HB40: Atribut B | IC40: Atribut A | IF40: 9 | IG40: 8 | IH40: 7 | II40: 6 | IJ40: 5 | IK40: 4 | IL40: 3 | IM40: 2 | IN40: 1 | IO40: 2 | IP40: 3 | IQ40: 4 | IR40: 5 | IS40: 6 | IT40: 7 | IU40: 8 | IV40: 9 | IW40: Atribut B | JX40: Atribut A | KA40: 9 | KB40: 8 | KC40: 7 | KD40: 6 | KE40: 5 | KF40: 4 | KG40: 3 | KH40: 2 | KI40: 1 | KJ40: 2 | KK40: 3 | KL40: 4 | KM40: 5 | KN40: 6 | KO40: 7 | KP40: 8 | KQ40: 9 | KR40: Atribut B | LS40: Atribut A | LV40: 9 | LW40: 8 | LX40: 7 | LY40: 6 | LZ40: 5 | MA40: 4 | MB40: 3 | MC40: 2 | MD40: 1 | ME40: 2 | MF40: 3 | MG40: 4 | MH40: 5 | MI40: 6 | MJ40: 7 | MK40: 8 | ML40: 9 | MM40: Atribut B | NN40: Atribut A | NQ40: 9 | NR40: 8 | NS40: 7 | NT40: 6 | NU40: 5 | NV40: 4 | NW40: 3 | NX40: 2 | NY40: 1 | NZ40: 2 | OA40: 3 | OB40: 4 | OC40: 5 | OD40: 6 | OE40: 7 | OF40: 8 | OG40: 9 | OH40: Atribut B | PI40: Atribut A | PL40: 9 | PM40: 8 | PN40: 7 | PO40: 6 | PP40: 5 | PQ40: 4 | PR40: 3 | PS40: 2 | PT40: 1 | PU40: 2 | PV40: 3 | PW40: 4 | PX40: 5 | PY40: 6 | PZ40: 7 | QA40: 8 | QB40: 9 | QC40: Atribut B | RD40: Atribut A | RG40: 9 | RH40: 8 | RI40: 7 | RJ40: 6 | RK40: 5 | RL40: 4 | RM40: 3 | RN40: 2 | RO40: 1 | RP40: 2 | RQ40: 3 | RR40: 4 | RS40: 5 | RT40: 6 | RU40: 7 | RV40: 8 | RW40: 9 | RX40: Atribut B | SY40: Atribut A | TB40: 9 | TC40: 8 | TD40: 7 | TE40: 6 | TF40: 5 | TG40: 4 | TH40: 3 | TI40: 2 | TJ40: 1 | TK40: 2 | TL40: 3 | TM40: 4 | TN40: 5 | TO40: 6 | TP40: 7 | TQ40: 8 | TR40: 9 | TS40: Atribut B
B41: Kesesuaian Lokasi Pengiriman | V41: Kesesuaian Waktu Pengiriman | AW41: Kesesuaian Lokasi Pengiriman | BQ41: Kesesuaian Waktu Pengiriman | CR41: Kesesuaian Lokasi Pengiriman | DL41: Kesesuaian Waktu Pengiriman | EM41: Kesesuaian Lokasi Pengiriman | FG41: Kesesuaian Waktu Pengiriman | GH41: Kesesuaian Lokasi Pengiriman | HB41: Kesesuaian Waktu Pengiriman | IC41: Kesesuaian Lokasi Pengiriman | IW41: Kesesuaian Waktu Pengiriman | JX41: Kesesuaian Lokasi Pengiriman | KR41: Kesesuaian Waktu Pengiriman | LS41: Kesesuaian Lokasi Pengiriman | MM41: Kesesuaian Waktu Pengiriman | NN41: Kesesuaian Lokasi Pengiriman | OH41: Kesesuaian Waktu Pengiriman | PI41: Kesesuaian Lokasi Pengiriman | QC41: Kesesuaian Waktu Pengiriman | RD41: Kesesuaian Lokasi Pengiriman | RX41: Kesesuaian Waktu Pengiriman | SY41: Kesesuaian Lokasi Pengiriman | TS41: Kesesuaian Waktu Pengiriman
B42: Kesesuaian Lokasi Pengiriman | V42: Akurasi Kondisi Pesanan | AW42: Kesesuaian Lokasi Pengiriman | BQ42: Akurasi Kondisi Pesanan | CR42: Kesesuaian Lokasi Pengiriman | DL42: Akurasi Kondisi Pesanan | EM42: Kesesuaian Lokasi Pengiriman | FG42: Akurasi Kondisi Pesanan | GH42: Kesesuaian Lokasi Pengiriman | HB42: Akurasi Kondisi Pesanan | IC42: Kesesuaian Lokasi Pengiriman | IW42: Akurasi Kondisi Pesanan | JX42: Kesesuaian Lokasi Pengiriman | KR42: Akurasi Kondisi Pesanan | LS42: Kesesuaian Lokasi Pengiriman | MM42: Akurasi Kondisi Pesanan | NN42: Kesesuaian Lokasi Pengiriman | OH42: Akurasi Kondisi Pesanan | PI42: Kesesuaian Lokasi Pengiriman | QC42: Akurasi Kondisi Pesanan | RD42: Kesesuaian Lokasi Pengiriman | RX42: Akurasi Kondisi Pesanan | SY42: Kesesuaian Lokasi Pengiriman | TS42: Akurasi Kondisi Pesanan
B43: Kesesuaian Lokasi Pengiriman | V43: Kelayakan Produk | AW43: Kesesuaian Lokasi Pengiriman | BQ43: Kelayakan Produk | CR43: Kesesuaian Lokasi Pengiriman | DL43: Kelayakan Produk | EM43: Kesesuaian Lokasi Pengiriman | FG43: Kelayakan Produk | GH43: Kesesuaian Lokasi Pengiriman | HB43: Kelayakan Produk | IC43: Kesesuaian Lokasi Pengiriman | IW43: Kelayakan Produk | JX43: Kesesuaian Lokasi Pengiriman | KR43: Kelayakan Produk | LS43: Kesesuaian Lokasi Pengiriman | MM43: Kelayakan Produk | NN43: Kesesuaian Lokasi Pengiriman | OH43: Kelayakan Produk | PI43: Kesesuaian Lokasi Pengiriman | QC43: Kelayakan Produk | RD43: Kesesuaian Lokasi Pengiriman | RX43: Kelayakan Produk | SY43: Kesesuaian Lokasi Pengiriman | TS43: Kelayakan Produk
B44: Kesesuaian Lokasi Pengiriman | V44: Kualitas Produk | AW44: Kesesuaian Lokasi Pengiriman | BQ44: Kualitas Produk | CR44: Kesesuaian Lokasi Pengiriman | DL44: Kualitas Produk | EM44: Kesesuaian Lokasi Pengiriman | FG44: Kualitas Produk | GH44: Kesesuaian Lokasi Pengiriman | HB44: Kualitas Produk | IC44: Kesesuaian Lokasi Pengiriman | IW44: Kualitas Produk | JX44: Kesesuaian Lokasi Pengiriman | KR44: Kualitas Produk | LS44: Kesesuaian Lokasi Pengiriman | MM44: Kualitas Produk | NN44: Kesesuaian Lokasi Pengiriman | OH44: Kualitas Produk | PI44: Kesesuaian Lokasi Pengiriman | QC44: Kualitas Produk | RD44: Kesesuaian Lokasi Pengiriman | RX44: Kualitas Produk | SY44: Kesesuaian Lokasi Pengiriman | TS44: Kualitas Produk
B46: Atribut A | E46: 9 | F46: 8 | G46: 7 | H46: 6 | I46: 5 | J46: 4 | K46: 3 | L46: 2 | M46: 1 | N46: 2 | O46: 3 | P46: 4 | Q46: 5 | R46: 6 | S46: 7 | T46: 8 | U46: 9 | V46: Atribut B | AW46: Atribut A | AZ46: 9 | BA46: 8 | BB46: 7 | BC46: 6 | BD46: 5 | BE46: 4 | BF46: 3 | BG46: 2 | BH46: 1 | BI46: 2 | BJ46: 3 | BK46: 4 | BL46: 5 | BM46: 6 | BN46: 7 | BO46: 8 | BP46: 9 | BQ46: Atribut B | CR46: Atribut A | CU46: 9 | CV46: 8 | CW46: 7 | CX46: 6 | CY46: 5 | CZ46: 4 | DA46: 3 | DB46: 2 | DC46: 1 | DD46: 2 | DE46: 3 | DF46: 4 | DG46: 5 | DH46: 6 | DI46: 7 | DJ46: 8 | DK46: 9 | DL46: Atribut B | EM46: Atribut A | EP46: 9 | EQ46: 8 | ER46: 7 | ES46: 6 | ET46: 5 | EU46: 4 | EV46: 3 | EW46: 2 | EX46: 1 | EY46: 2 | EZ46: 3 | FA46: 4 | FB46: 5 | FC46: 6 | FD46: 7 | FE46: 8 | FF46: 9 | FG46: Atribut B | GH46: Atribut A | GK46: 9 | GL46: 8 | GM46: 7 | GN46: 6 | GO46: 5 | GP46: 4 | GQ46: 3 | GR46: 2 | GS46: 1 | GT46: 2 | GU46: 3 | GV46: 4 | GW46: 5 | GX46: 6 | GY46: 7 | GZ46: 8 | HA46: 9 | HB46: Atribut B | IC46: Atribut A | IF46: 9 | IG46: 8 | IH46: 7 | II46: 6 | IJ46: 5 | IK46: 4 | IL46: 3 | IM46: 2 | IN46: 1 | IO46: 2 | IP46: 3 | IQ46: 4 | IR46: 5 | IS46: 6 | IT46: 7 | IU46: 8 | IV46: 9 | IW46: Atribut B | JX46: Atribut A | KA46: 9 | KB46: 8 | KC46: 7 | KD46: 6 | KE46: 5 | KF46: 4 | KG46: 3 | KH46: 2 | KI46: 1 | KJ46: 2 | KK46: 3 | KL46: 4 | KM46: 5 | KN46: 6 | KO46: 7 | KP46: 8 | KQ46: 9 | KR46: Atribut B | LS46: Atribut A | LV46: 9 | LW46: 8 | LX46: 7 | LY46: 6 | LZ46: 5 | MA46: 4 | MB46: 3 | MC46: 2 | MD46: 1 | ME46: 2 | MF46: 3 | MG46: 4 | MH46: 5 | MI46: 6 | MJ46: 7 | MK46: 8 | ML46: 9 | MM46: Atribut B | NN46: Atribut A | NQ46: 9 | NR46: 8 | NS46: 7 | NT46: 6 | NU46: 5 | NV46: 4 | NW46: 3 | NX46: 2 | NY46: 1 | NZ46: 2 | OA46: 3 | OB46: 4 | OC46: 5 | OD46: 6 | OE46: 7 | OF46: 8 | OG46: 9 | OH46: Atribut B | PI46: Atribut A | PL46: 9 | PM46: 8 | PN46: 7 | PO46: 6 | PP46: 5 | PQ46: 4 | PR46: 3 | PS46: 2 | PT46: 1 | PU46: 2 | PV46: 3 | PW46: 4 | PX46: 5 | PY46: 6 | PZ46: 7 | QA46: 8 | QB46: 9 | QC46: Atribut B | RD46: Atribut A | RG46: 9 | RH46: 8 | RI46: 7 | RJ46: 6 | RK46: 5 | RL46: 4 | RM46: 3 | RN46: 2 | RO46: 1 | RP46: 2 | RQ46: 3 | RR46: 4 | RS46: 5 | RT46: 6 | RU46: 7 | RV46: 8 | RW46: 9 | RX46: Atribut B | SY46: Atribut A | TB46: 9 | TC46: 8 | TD46: 7 | TE46: 6 | TF46: 5 | TG46: 4 | TH46: 3 | TI46: 2 | TJ46: 1 | TK46: 2 | TL46: 3 | TM46: 4 | TN46: 5 | TO46: 6 | TP46: 7 | TQ46: 8 | TR46: 9 | TS46: Atribut B
B47: Kesesuaian Waktu Pengiriman | V47: Akurasi Kondisi Pesanan | AW47: Kesesuaian Waktu Pengiriman | BQ47: Akurasi Kondisi Pesanan | CR47: Kesesuaian Waktu Pengiriman | DL47: Akurasi Kondisi Pesanan | EM47: Kesesuaian Waktu Pengiriman | FG47: Akurasi Kondisi Pesanan | GH47: Kesesuaian Waktu Pengiriman | HB47: Akurasi Kondisi Pesanan | IC47: Kesesuaian Waktu Pengiriman | IW47: Akurasi Kondisi Pesanan | JX47: Kesesuaian Waktu Pengiriman | KR47: Akurasi Kondisi Pesanan | LS47: Kesesuaian Waktu Pengiriman | MM47: Akurasi Kondisi Pesanan | NN47: Kesesuaian Waktu Pengiriman | OH47: Akurasi Kondisi Pesanan | PI47: Kesesuaian Waktu Pengiriman | QC47: Akurasi Kondisi Pesanan | RD47: Kesesuaian Waktu Pengiriman | RX47: Akurasi Kondisi Pesanan | SY47: Kesesuaian Waktu Pengiriman | TS47: Akurasi Kondisi Pesanan
B48: Kesesuaian Waktu Pengiriman | V48: Kelayakan Produk | AW48: Kesesuaian Waktu Pengiriman | BQ48: Kelayakan Produk | CR48: Kesesuaian Waktu Pengiriman | DL48: Kelayakan Produk | EM48: Kesesuaian Waktu Pengiriman | FG48: Kelayakan Produk | GH48: Kesesuaian Waktu Pengiriman | HB48: Kelayakan Produk | IC48: Kesesuaian Waktu Pengiriman | IW48: Kelayakan Produk | JX48: Kesesuaian Waktu Pengiriman | KR48: Kelayakan Produk | LS48: Kesesuaian Waktu Pengiriman | MM48: Kelayakan Produk | NN48: Kesesuaian Waktu Pengiriman | OH48: Kelayakan Produk | PI48: Kesesuaian Waktu Pengiriman | QC48: Kelayakan Produk | RD48: Kesesuaian Waktu Pengiriman | RX48: Kelayakan Produk | SY48: Kesesuaian Waktu Pengiriman | TS48: Kelayakan Produk
B49: Kesesuaian Waktu Pengiriman | V49: Kualitas Produk | AW49: Kesesuaian Waktu Pengiriman | BQ49: Kualitas Produk | CR49: Kesesuaian Waktu Pengiriman | DL49: Kualitas Produk | EM49: Kesesuaian Waktu Pengiriman | FG49: Kualitas Produk | GH49: Kesesuaian Waktu Pengiriman | HB49: Kualitas Produk | IC49: Kesesuaian Waktu Pengiriman | IW49: Kualitas Produk | JX49: Kesesuaian Waktu Pengiriman | KR49: Kualitas Produk | LS49: Kesesuaian Waktu Pengiriman | MM49: Kualitas Produk | NN49: Kesesuaian Waktu Pengiriman | OH49: Kualitas Produk | PI49: Kesesuaian Waktu Pengiriman | QC49: Kualitas Produk | RD49: Kesesuaian Waktu Pengiriman | RX49: Kualitas Produk | SY49: Kesesuaian Waktu Pengiriman | TS49: Kualitas Produk
B51: Atribut A | E51: 9 | F51: 8 | G51: 7 | H51: 6 | I51: 5 | J51: 4 | K51: 3 | L51: 2 | M51: 1 | N51: 2 | O51: 3 | P51: 4 | Q51: 5 | R51: 6 | S51: 7 | T51: 8 | U51: 9 | V51: Atribut B | AW51: Atribut A | AZ51: 9 | BA51: 8 | BB51: 7 | BC51: 6 | BD51: 5 | BE51: 4 | BF51: 3 | BG51: 2 | BH51: 1 | BI51: 2 | BJ51: 3 | BK51: 4 | BL51: 5 | BM51: 6 | BN51: 7 | BO51: 8 | BP51: 9 | BQ51: Atribut B | CR51: Atribut A | CU51: 9 | CV51: 8 | CW51: 7 | CX51: 6 | CY51: 5 | CZ51: 4 | DA51: 3 | DB51: 2 | DC51: 1 | DD51: 2 | DE51: 3 | DF51: 4 | DG51: 5 | DH51: 6 | DI51: 7 | DJ51: 8 | DK51: 9 | DL51: Atribut B | EM51: Atribut A | EP51: 9 | EQ51: 8 | ER51: 7 | ES51: 6 | ET51: 5 | EU51: 4 | EV51: 3 | EW51: 2 | EX51: 1 | EY51: 2 | EZ51: 3 | FA51: 4 | FB51: 5 | FC51: 6 | FD51: 7 | FE51: 8 | FF51: 9 | FG51: Atribut B | GH51: Atribut A | GK51: 9 | GL51: 8 | GM51: 7 | GN51: 6 | GO51: 5 | GP51: 4 | GQ51: 3 | GR51: 2 | GS51: 1 | GT51: 2 | GU51: 3 | GV51: 4 | GW51: 5 | GX51: 6 | GY51: 7 | GZ51: 8 | HA51: 9 | HB51: Atribut B | IC51: Atribut A | IF51: 9 | IG51: 8 | IH51: 7 | II51: 6 | IJ51: 5 | IK51: 4 | IL51: 3 | IM51: 2 | IN51: 1 | IO51: 2 | IP51: 3 | IQ51: 4 | IR51: 5 | IS51: 6 | IT51: 7 | IU51: 8 | IV51: 9 | IW51: Atribut B | JX51: Atribut A | KA51: 9 | KB51: 8 | KC51: 7 | KD51: 6 | KE51: 5 | KF51: 4 | KG51: 3 | KH51: 2 | KI51: 1 | KJ51: 2 | KK51: 3 | KL51: 4 | KM51: 5 | KN51: 6 | KO51: 7 | KP51: 8 | KQ51: 9 | KR51: Atribut B | LS51: Atribut A | LV51: 9 | LW51: 8 | LX51: 7 | LY51: 6 | LZ51: 5 | MA51: 4 | MB51: 3 | MC51: 2 | MD51: 1 | ME51: 2 | MF51: 3 | MG51: 4 | MH51: 5 | MI51: 6 | MJ51: 7 | MK51: 8 | ML51: 9 | MM51: Atribut B | NN51: Atribut A | NQ51: 9 | NR51: 8 | NS51: 7 | NT51: 6 | NU51: 5 | NV51: 4 | NW51: 3 | NX51: 2 | NY51: 1 | NZ51: 2 | OA51: 3 | OB51: 4 | OC51: 5 | OD51: 6 | OE51: 7 | OF51: 8 | OG51: 9 | OH51: Atribut B | PI51: Atribut A | PL51: 9 | PM51: 8 | PN51: 7 | PO51: 6 | PP51: 5 | PQ51: 4 | PR51: 3 | PS51: 2 | PT51: 1 | PU51: 2 | PV51: 3 | PW51: 4 | PX51: 5 | PY51: 6 | PZ51: 7 | QA51: 8 | QB51: 9 | QC51: Atribut B | RD51: Atribut A | RG51: 9 | RH51: 8 | RI51: 7 | RJ51: 6 | RK51: 5 | RL51: 4 | RM51: 3 | RN51: 2 | RO51: 1 | RP51: 2 | RQ51: 3 | RR51: 4 | RS51: 5 | RT51: 6 | RU51: 7 | RV51: 8 | RW51: 9 | RX51: Atribut B | SY51: Atribut A | TB51: 9 | TC51: 8 | TD51: 7 | TE51: 6 | TF51: 5 | TG51: 4 | TH51: 3 | TI51: 2 | TJ51: 1 | TK51: 2 | TL51: 3 | TM51: 4 | TN51: 5 | TO51: 6 | TP51: 7 | TQ51: 8 | TR51: 9 | TS51: Atribut B
B52: Akurasi Kondisi Pesanan | V52: Kelayakan Produk | AW52: Akurasi Kondisi Pesanan | BQ52: Kelayakan Produk | CR52: Akurasi Kondisi Pesanan | DL52: Kelayakan Produk | EM52: Akurasi Kondisi Pesanan | FG52: Kelayakan Produk | GH52: Akurasi Kondisi Pesanan | HB52: Kelayakan Produk | IC52: Akurasi Kondisi Pesanan | IW52: Kelayakan Produk | JX52: Akurasi Kondisi Pesanan | KR52: Kelayakan Produk | LS52: Akurasi Kondisi Pesanan | MM52: Kelayakan Produk | NN52: Akurasi Kondisi Pesanan | OH52: Kelayakan Produk | PI52: Akurasi Kondisi Pesanan | QC52: Kelayakan Produk | RD52: Akurasi Kondisi Pesanan | RX52: Kelayakan Produk | SY52: Akurasi Kondisi Pesanan | TS52: Kelayakan Produk
B53: Akurasi Kondisi Pesanan | V53: Kualitas Produk | AW53: Akurasi Kondisi Pesanan | BQ53: Kualitas Produk | CR53: Akurasi Kondisi Pesanan | DL53: Kualitas Produk | EM53: Akurasi Kondisi Pesanan | FG53: Kualitas Produk | GH53: Akurasi Kondisi Pesanan | HB53: Kualitas Produk | IC53: Akurasi Kondisi Pesanan | IW53: Kualitas Produk | JX53: Akurasi Kondisi Pesanan | KR53: Kualitas Produk | LS53: Akurasi Kondisi Pesanan | MM53: Kualitas Produk | NN53: Akurasi Kondisi Pesanan | OH53: Kualitas Produk | PI53: Akurasi Kondisi Pesanan | QC53: Kualitas Produk | RD53: Akurasi Kondisi Pesanan | RX53: Kualitas Produk | SY53: Akurasi Kondisi Pesanan | TS53: Kualitas Produk
B55: Atribut A | E55: 9 | F55: 8 | G55: 7 | H55: 6 | I55: 5 | J55: 4 | K55: 3 | L55: 2 | M55: 1 | N55: 2 | O55: 3 | P55: 4 | Q55: 5 | R55: 6 | S55: 7 | T55: 8 | U55: 9 | V55: Atribut B | AW55: Atribut A | AZ55: 9 | BA55: 8 | BB55: 7 | BC55: 6 | BD55: 5 | BE55: 4 | BF55: 3 | BG55: 2 | BH55: 1 | BI55: 2 | BJ55: 3 | BK55: 4 | BL55: 5 | BM55: 6 | BN55: 7 | BO55: 8 | BP55: 9 | BQ55: Atribut B | CR55: Atribut A | CU55: 9 | CV55: 8 | CW55: 7 | CX55: 6 | CY55: 5 | CZ55: 4 | DA55: 3 | DB55: 2 | DC55: 1 | DD55: 2 | DE55: 3 | DF55: 4 | DG55: 5 | DH55: 6 | DI55: 7 | DJ55: 8 | DK55: 9 | DL55: Atribut B | EM55: Atribut A | EP55: 9 | EQ55: 8 | ER55: 7 | ES55: 6 | ET55: 5 | EU55: 4 | EV55: 3 | EW55: 2 | EX55: 1 | EY55: 2 | EZ55: 3 | FA55: 4 | FB55: 5 | FC55: 6 | FD55: 7 | FE55: 8 | FF55: 9 | FG55: Atribut B | GH55: Atribut A | GK55: 9 | GL55: 8 | GM55: 7 | GN55: 6 | GO55: 5 | GP55: 4 | GQ55: 3 | GR55: 2 | GS55: 1 | GT55: 2 | GU55: 3 | GV55: 4 | GW55: 5 | GX55: 6 | GY55: 7 | GZ55: 8 | HA55: 9 | HB55: Atribut B | IC55: Atribut A | IF55: 9 | IG55: 8 | IH55: 7 | II55: 6 | IJ55: 5 | IK55: 4 | IL55: 3 | IM55: 2 | IN55: 1 | IO55: 2 | IP55: 3 | IQ55: 4 | IR55: 5 | IS55: 6 | IT55: 7 | IU55: 8 | IV55: 9 | IW55: Atribut B | JX55: Atribut A | KA55: 9 | KB55: 8 | KC55: 7 | KD55: 6 | KE55: 5 | KF55: 4 | KG55: 3 | KH55: 2 | KI55: 1 | KJ55: 2 | KK55: 3 | KL55: 4 | KM55: 5 | KN55: 6 | KO55: 7 | KP55: 8 | KQ55: 9 | KR55: Atribut B | LS55: Atribut A | LV55: 9 | LW55: 8 | LX55: 7 | LY55: 6 | LZ55: 5 | MA55: 4 | MB55: 3 | MC55: 2 | MD55: 1 | ME55: 2 | MF55: 3 | MG55: 4 | MH55: 5 | MI55: 6 | MJ55: 7 | MK55: 8 | ML55: 9 | MM55: Atribut B | NN55: Atribut A | NQ55: 9 | NR55: 8 | NS55: 7 | NT55: 6 | NU55: 5 | NV55: 4 | NW55: 3 | NX55: 2 | NY55: 1 | NZ55: 2 | OA55: 3 | OB55: 4 | OC55: 5 | OD55: 6 | OE55: 7 | OF55: 8 | OG55: 9 | OH55: Atribut B | PI55: Atribut A | PL55: 9 | PM55: 8 | PN55: 7 | PO55: 6 | PP55: 5 | PQ55: 4 | PR55: 3 | PS55: 2 | PT55: 1 | PU55: 2 | PV55: 3 | PW55: 4 | PX55: 5 | PY55: 6 | PZ55: 7 | QA55: 8 | QB55: 9 | QC55: Atribut B | RD55: Atribut A | RG55: 9 | RH55: 8 | RI55: 7 | RJ55: 6 | RK55: 5 | RL55: 4 | RM55: 3 | RN55: 2 | RO55: 1 | RP55: 2 | RQ55: 3 | RR55: 4 | RS55: 5 | RT55: 6 | RU55: 7 | RV55: 8 | RW55: 9 | RX55: Atribut B | SY55: Atribut A | TB55: 9 | TC55: 8 | TD55: 7 | TE55: 6 | TF55: 5 | TG55: 4 | TH55: 3 | TI55: 2 | TJ55: 1 | TK55: 2 | TL55: 3 | TM55: 4 | TN55: 5 | TO55: 6 | TP55: 7 | TQ55: 8 | TR55: 9 | TS55: Atribut B
B56: Kelayakan Produk | V56: Kualitas Produk | AW56: Kelayakan Produk | BQ56: Kualitas Produk | CR56: Kelayakan Produk | DL56: Kualitas Produk | EM56: Kelayakan Produk | FG56: Kualitas Produk | GH56: Kelayakan Produk | HB56: Kualitas Produk | IC56: Kelayakan Produk | IW56: Kualitas Produk | JX56: Kelayakan Produk | KR56: Kualitas Produk | LS56: Kelayakan Produk | MM56: Kualitas Produk | NN56: Kelayakan Produk | OH56: Kualitas Produk | PI56: Kelayakan Produk | QC56: Kualitas Produk | RD56: Kelayakan Produk | RX56: Kualitas Produk | SY56: Kelayakan Produk | TS56: Kualitas Produk
B59: RESPONSIVITAS | AW59: RESPONSIVITAS | CR59: RESPONSIVITAS | EM59: RESPONSIVITAS | GH59: RESPONSIVITAS | IC59: RESPONSIVITAS | JX59: RESPONSIVITAS | LS59: RESPONSIVITAS | NN59: RESPONSIVITAS | PI59: RESPONSIVITAS | RD59: RESPONSIVITAS | SY59: RESPONSIVITAS
B61: Atribut A | E61: 9 | F61: 8 | G61: 7 | H61: 6 | I61: 5 | J61: 4 | K61: 3 | L61: 2 | M61: 1 | N61: 2 | O61: 3 | P61: 4 | Q61: 5 | R61: 6 | S61: 7 | T61: 8 | U61: 9 | V61: Atribut B | AC61: Waktu Siklus Pemenuhan | AE61: Waktu Siklus Penyediaan | AG61: Waktu Pengolahan | AI61: Waktu Penerimaan Produk | AK61: Waktu Siklus Penjadwalan | AM61: Waktu Penyimpanan | AO61: Waktu Pengiriman | AW61: Atribut A | AZ61: 9 | BA61: 8 | BB61: 7 | BC61: 6 | BD61: 5 | BE61: 4 | BF61: 3 | BG61: 2 | BH61: 1 | BI61: 2 | BJ61: 3 | BK61: 4 | BL61: 5 | BM61: 6 | BN61: 7 | BO61: 8 | BP61: 9 | BQ61: Atribut B | BX61: Waktu Siklus Pemenuhan | BZ61: Waktu Siklus Penyediaan | CB61: Waktu Pengolahan | CD61: Waktu Penerimaan Produk | CF61: Waktu Siklus Penjadwalan | CH61: Waktu Penyimpanan | CJ61: Waktu Pengiriman | CR61: Atribut A | CU61: 9 | CV61: 8 | CW61: 7 | CX61: 6 | CY61: 5 | CZ61: 4 | DA61: 3 | DB61: 2 | DC61: 1 | DD61: 2 | DE61: 3 | DF61: 4 | DG61: 5 | DH61: 6 | DI61: 7 | DJ61: 8 | DK61: 9 | DL61: Atribut B | DS61: Waktu Siklus Pemenuhan | DU61: Waktu Siklus Penyediaan | DW61: Waktu Pengolahan | DY61: Waktu Penerimaan Produk | EA61: Waktu Siklus Penjadwalan | EC61: Waktu Penyimpanan | EE61: Waktu Pengiriman | EM61: Atribut A | EP61: 9 | EQ61: 8 | ER61: 7 | ES61: 6 | ET61: 5 | EU61: 4 | EV61: 3 | EW61: 2 | EX61: 1 | EY61: 2 | EZ61: 3 | FA61: 4 | FB61: 5 | FC61: 6 | FD61: 7 | FE61: 8 | FF61: 9 | FG61: Atribut B | FN61: Waktu Siklus Pemenuhan | FP61: Waktu Siklus Penyediaan | FR61: Waktu Pengolahan | FT61: Waktu Penerimaan Produk | FV61: Waktu Siklus Penjadwalan | FX61: Waktu Penyimpanan | FZ61: Waktu Pengiriman | GH61: Atribut A | GK61: 9 | GL61: 8 | GM61: 7 | GN61: 6 | GO61: 5 | GP61: 4 | GQ61: 3 | GR61: 2 | GS61: 1 | GT61: 2 | GU61: 3 | GV61: 4 | GW61: 5 | GX61: 6 | GY61: 7 | GZ61: 8 | HA61: 9 | HB61: Atribut B | HI61: Waktu Siklus Pemenuhan | HK61: Waktu Siklus Penyediaan | HM61: Waktu Pengolahan | HO61: Waktu Penerimaan Produk | HQ61: Waktu Siklus Penjadwalan | HS61: Waktu Penyimpanan | HU61: Waktu Pengiriman | IC61: Atribut A | IF61: 9 | IG61: 8 | IH61: 7 | II61: 6 | IJ61: 5 | IK61: 4 | IL61: 3 | IM61: 2 | IN61: 1 | IO61: 2 | IP61: 3 | IQ61: 4 | IR61: 5 | IS61: 6 | IT61: 7 | IU61: 8 | IV61: 9 | IW61: Atribut B | JD61: Waktu Siklus Pemenuhan | JF61: Waktu Siklus Penyediaan | JH61: Waktu Pengolahan | JJ61: Waktu Penerimaan Produk | JL61: Waktu Siklus Penjadwalan | JN61: Waktu Penyimpanan | JP61: Waktu Pengiriman | JX61: Atribut A | KA61: 9 | KB61: 8 | KC61: 7 | KD61: 6 | KE61: 5 | KF61: 4 | KG61: 3 | KH61: 2 | KI61: 1 | KJ61: 2 | KK61: 3 | KL61: 4 | KM61: 5 | KN61: 6 | KO61: 7 | KP61: 8 | KQ61: 9 | KR61: Atribut B | KY61: Waktu Siklus Pemenuhan | LA61: Waktu Siklus Penyediaan | LC61: Waktu Pengolahan | LE61: Waktu Penerimaan Produk | LG61: Waktu Siklus Penjadwalan | LI61: Waktu Penyimpanan | LK61: Waktu Pengiriman | LS61: Atribut A | LV61: 9 | LW61: 8 | LX61: 7 | LY61: 6 | LZ61: 5 | MA61: 4 | MB61: 3 | MC61: 2 | MD61: 1 | ME61: 2 | MF61: 3 | MG61: 4 | MH61: 5 | MI61: 6 | MJ61: 7 | MK61: 8 | ML61: 9 | MM61: Atribut B | MT61: Waktu Siklus Pemenuhan | MV61: Waktu Siklus Penyediaan | MX61: Waktu Pengolahan | MZ61: Waktu Penerimaan Produk | NB61: Waktu Siklus Penjadwalan | ND61: Waktu Penyimpanan | NF61: Waktu Pengiriman | NN61: Atribut A | NQ61: 9 | NR61: 8 | NS61: 7 | NT61: 6 | NU61: 5 | NV61: 4 | NW61: 3 | NX61: 2 | NY61: 1 | NZ61: 2 | OA61: 3 | OB61: 4 | OC61: 5 | OD61: 6 | OE61: 7 | OF61: 8 | OG61: 9 | OH61: Atribut B | OO61: Waktu Siklus Pemenuhan | OQ61: Waktu Siklus Penyediaan | OS61: Waktu Pengolahan | OU61: Waktu Penerimaan Produk | OW61: Waktu Siklus Penjadwalan | OY61: Waktu Penyimpanan | PA61: Waktu Pengiriman | PI61: Atribut A | PL61: 9 | PM61: 8 | PN61: 7 | PO61: 6 | PP61: 5 | PQ61: 4 | PR61: 3 | PS61: 2 | PT61: 1 | PU61: 2 | PV61: 3 | PW61: 4 | PX61: 5 | PY61: 6 | PZ61: 7 | QA61: 8 | QB61: 9 | QC61: Atribut B | QJ61: Waktu Siklus Pemenuhan | QL61: Waktu Siklus Penyediaan | QN61: Waktu Pengolahan | QP61: Waktu Penerimaan Produk | QR61: Waktu Siklus Penjadwalan | QT61: Waktu Penyimpanan | QV61: Waktu Pengiriman | RD61: Atribut A | RG61: 9 | RH61: 8 | RI61: 7 | RJ61: 6 | RK61: 5 | RL61: 4 | RM61: 3 | RN61: 2 | RO61: 1 | RP61: 2 | RQ61: 3 | RR61: 4 | RS61: 5 | RT61: 6 | RU61: 7 | RV61: 8 | RW61: 9 | RX61: Atribut B | SE61: Waktu Siklus Pemenuhan | SG61: Waktu Siklus Penyediaan | SI61: Waktu Pengolahan | SK61: Waktu Penerimaan Produk | SM61: Waktu Siklus Penjadwalan | SO61: Waktu Penyimpanan | SQ61: Waktu Pengiriman | SY61: Atribut A | TB61: 9 | TC61: 8 | TD61: 7 | TE61: 6 | TF61: 5 | TG61: 4 | TH61: 3 | TI61: 2 | TJ61: 1 | TK61: 2 | TL61: 3 | TM61: 4 | TN61: 5 | TO61: 6 | TP61: 7 | TQ61: 8 | TR61: 9 | TS61: Atribut B | TZ61: Waktu Siklus Pemenuhan | UB61: Waktu Siklus Penyediaan | UD61: Waktu Pengolahan | UF61: Waktu Penerimaan Produk | UH61: Waktu Siklus Penjadwalan | UJ61: Waktu Penyimpanan | UL61: Waktu Pengiriman | UZ61: Waktu Siklus Pemenuhan | VB61: Waktu Siklus Penyediaan | VD61: Waktu Pengolahan | VF61: Waktu Penerimaan Produk | VH61: Waktu Siklus Penjadwalan | VJ61: Waktu Penyimpanan | VL61: Waktu Pengiriman
B62: Waktu Siklus Pemenuhan | V62: Waktu Siklus Penyediaan | AW62: Waktu Siklus Pemenuhan | BQ62: Waktu Siklus Penyediaan | CR62: Waktu Siklus Pemenuhan | DL62: Waktu Siklus Penyediaan | EM62: Waktu Siklus Pemenuhan | FG62: Waktu Siklus Penyediaan | GH62: Waktu Siklus Pemenuhan | HB62: Waktu Siklus Penyediaan | IC62: Waktu Siklus Pemenuhan | IW62: Waktu Siklus Penyediaan | JX62: Waktu Siklus Pemenuhan | KR62: Waktu Siklus Penyediaan | LS62: Waktu Siklus Pemenuhan | MM62: Waktu Siklus Penyediaan | NN62: Waktu Siklus Pemenuhan | OH62: Waktu Siklus Penyediaan | PI62: Waktu Siklus Pemenuhan | QC62: Waktu Siklus Penyediaan | RD62: Waktu Siklus Pemenuhan | RX62: Waktu Siklus Penyediaan | SY62: Waktu Siklus Pemenuhan | TS62: Waktu Siklus Penyediaan
B63: Waktu Siklus Pemenuhan | V63: Waktu Pengolahan | AA63: Waktu Siklus Pemenuhan | AC63: 1 | AE63: {=FindRedCellValue(E62:U62)} -> 3 | AG63: {=FindRedCellValue(E63:U63)} -> 0.33333333 | AI63: {=FindRedCellValue(E64:U64)} -> 5 | AK63: {=FindRedCellValue(E65:U65)} -> 0.2 | AM63: {=FindRedCellValue(E66:U66)} -> 7 | AO63: {=FindRedCellValue(E67:U67)} -> 0.11111111 | AW63: Waktu Siklus Pemenuhan | BQ63: Waktu Pengolahan | BV63: Waktu Siklus Pemenuhan | BX63: 1 | BZ63: {=FindRedCellValue(AZ62:BP62)} -> 3 | CB63: {=FindRedCellValue(AZ63:BP63)} -> 0.33333333 | CD63: {=FindRedCellValue(AZ64:BP64)} -> 0.33333333 | CF63: {=FindRedCellValue(AZ65:BP65)} -> 5 | CH63: {=FindRedCellValue(AZ66:BP66)} -> 5 | CJ63: {=FindRedCellValue(AZ67:BP67)} -> 0.2 | CR63: Waktu Siklus Pemenuhan | DL63: Waktu Pengolahan | DQ63: Waktu Siklus Pemenuhan | DS63: 1 | DU63: {=FindRedCellValue(CU62:DK62)} -> 3 | DW63: {=FindRedCellValue(CU63:DK63)} -> 0.33333333 | DY63: {=FindRedCellValue(CU64:DK64)} -> 0.33333333 | EA63: {=FindRedCellValue(CU65:DK65)} -> 5 | EC63: {=FindRedCellValue(CU66:DK66)} -> 3 | EE63: {=FindRedCellValue(CU67:DK67)} -> 0.2 | EM63: Waktu Siklus Pemenuhan | FG63: Waktu Pengolahan | FL63: Waktu Siklus Pemenuhan | FN63: 1 | FP63: {=FindRedCellValue(EP62:FF62)} -> 3 | FR63: {=FindRedCellValue(EP63:FF63)} -> 3 | FT63: {=FindRedCellValue(EP64:FF64)} -> 0.33333333 | FV63: {=FindRedCellValue(EP65:FF65)} -> 0.33333333 | FX63: {=FindRedCellValue(EP66:FF66)} -> 5 | FZ63: {=FindRedCellValue(EP67:FF67)} -> 5 | GH63: Waktu Siklus Pemenuhan | HB63: Waktu Pengolahan | HG63: Waktu Siklus Pemenuhan | HI63: 1 | HK63: {=FindRedCellValue(GK62:HA62)} -> 3 | HM63: {=FindRedCellValue(GK63:HA63)} -> 0.33333333 | HO63: {=FindRedCellValue(GK64:HA64)} -> 0.33333333 | HQ63: {=FindRedCellValue(GK65:HA65)} -> 5 | HS63: {=FindRedCellValue(GK66:HA66)} -> 0.14285714 | HU63: {=FindRedCellValue(GK67:HA67)} -> 0.33333333 | IC63: Waktu Siklus Pemenuhan | IW63: Waktu Pengolahan | JB63: Waktu Siklus Pemenuhan | JD63: 1 | JF63: {=FindRedCellValue(IF62:IV62)} -> 3 | JH63: {=FindRedCellValue(IF63:IV63)} -> 0.33333333 | JJ63: {=FindRedCellValue(IF64:IV64)} -> 0.14285714 | JL63: {=FindRedCellValue(IF65:IV65)} -> 3 | JN63: {=FindRedCellValue(IF66:IV66)} -> 3 | JP63: {=FindRedCellValue(IF67:IV67)} -> 0.14285714 | JX63: Waktu Siklus Pemenuhan | KR63: Waktu Pengolahan | KW63: Waktu Siklus Pemenuhan | KY63: 1 | LA63: {=FindRedCellValue(KA62:KQ62)} -> 3 | LC63: {=FindRedCellValue(KA63:KQ63)} -> 0.33333333 | LE63: {=FindRedCellValue(KA64:KQ64)} -> 0.33333333 | LG63: {=FindRedCellValue(KA65:KQ65)} -> 5 | LI63: {=FindRedCellValue(KA66:KQ66)} -> 3 | LK63: {=FindRedCellValue(KA67:KQ67)} -> 0.2 | LS63: Waktu Siklus Pemenuhan | MM63: Waktu Pengolahan | MR63: Waktu Siklus Pemenuhan | MT63: 1 | MV63: {=FindRedCellValue(LV62:ML62)} -> 3 | MX63: {=FindRedCellValue(LV63:ML63)} -> 3 | MZ63: {=FindRedCellValue(LV64:ML64)} -> 0.33333333 | NB63: {=FindRedCellValue(LV65:ML65)} -> 0.33333333 | ND63: {=FindRedCellValue(LV66:ML66)} -> 5 | NF63: {=FindRedCellValue(LV67:ML67)} -> 5 | NN63: Waktu Siklus Pemenuhan | OH63: Waktu Pengolahan | OM63: Waktu Siklus Pemenuhan | OO63: 1 | OQ63: {=FindRedCellValue(NQ62:OG62)} -> 3 | OS63: {=FindRedCellValue(NQ63:OG63)} -> 0.33333333 | OU63: {=FindRedCellValue(NQ64:OG64)} -> 5 | OW63: {=FindRedCellValue(NQ65:OG65)} -> 0.2 | OY63: {=FindRedCellValue(NQ66:OG66)} -> 7 | PA63: {=FindRedCellValue(NQ67:OG67)} -> 0.11111111 | PI63: Waktu Siklus Pemenuhan | QC63: Waktu Pengolahan | QH63: Waktu Siklus Pemenuhan | QJ63: 1 | QL63: {=FindRedCellValue(PL62:QB62)} -> 3 | QN63: {=FindRedCellValue(PL63:QB63)} -> 0.33333333 | QP63: {=FindRedCellValue(PL64:QB64)} -> 0.14285714 | QR63: {=FindRedCellValue(PL65:QB65)} -> 3 | QT63: {=FindRedCellValue(PL66:QB66)} -> 3 | QV63: {=FindRedCellValue(PL67:QB67)} -> 0.14285714 | RD63: Waktu Siklus Pemenuhan | RX63: Waktu Pengolahan | SC63: Waktu Siklus Pemenuhan | SE63: 1 | SG63: {=FindRedCellValue(RG62:RW62)} -> 3 | SI63: {=FindRedCellValue(RG63:RW63)} -> 0.33333333 | SK63: {=FindRedCellValue(RG64:RW64)} -> 5 | SM63: {=FindRedCellValue(RG65:RW65)} -> 0.2 | SO63: {=FindRedCellValue(RG66:RW66)} -> 7 | SQ63: {=FindRedCellValue(RG67:RW67)} -> 0.11111111 | SY63: Waktu Siklus Pemenuhan | TS63: Waktu Pengolahan | TX63: Waktu Siklus Pemenuhan | TZ63: 1 | UB63: {=FindRedCellValue(TB62:TR62)} -> 3 | UD63: {=FindRedCellValue(TB63:TR63)} -> 0.33333333 | UF63: {=FindRedCellValue(TB64:TR64)} -> 0.33333333 | UH63: {=FindRedCellValue(TB65:TR65)} -> 5 | UJ63: {=FindRedCellValue(TB66:TR66)} -> 5 | UL63: {=FindRedCellValue(TB67:TR67)} -> 0.2 | UX63: Waktu Siklus Pemenuhan | UZ63: =AVERAGE(AC63,BX63,DS63,FN63,HI63,JD63,KY63,MT63,OO63,QJ63,SE63,TZ63) -> 1 | VB63: =AVERAGE(AE63,BZ63,DU63,FP63,HK63,JF63,LA63,MV63,OQ63,QL63,SG63,UB63) -> 3 | VD63: =AVERAGE(AG63,CB63,DW63,FR63,HM63,JH63,LC63,MX63,OS63,QN63,SI63,UD63) -> 0.77777778 | VF63: =AVERAGE(AI63,CD63,DY63,FT63,HO63,JJ63,LE63,MZ63,OU63,QP63,SK63,UF63) -> 1.468254 | VH63: =AVERAGE(AK63,CF63,EA63,FV63,HQ63,JL63,LG63,NB63,OW63,QR63,SM63,UH63) -> 2.6888889 | VJ63: =AVERAGE(AM63,CH63,EC63,FX63,HS63,JN63,LI63,ND63,OY63,QT63,SO63,UJ63) -> 4.4285714 | VL63: =AVERAGE(AO63,CJ63,EE63,FZ63,HU63,JP63,LK63,NF63,PA63,QV63,SQ63,UL63) -> 0.97936508
B64: Waktu Siklus Pemenuhan | V64: Waktu Penerimaan Produk | AW64: Waktu Siklus Pemenuhan | BQ64: Waktu Penerimaan Produk | CR64: Waktu Siklus Pemenuhan | DL64: Waktu Penerimaan Produk | EM64: Waktu Siklus Pemenuhan | FG64: Waktu Penerimaan Produk | GH64: Waktu Siklus Pemenuhan | HB64: Waktu Penerimaan Produk | IC64: Waktu Siklus Pemenuhan | IW64: Waktu Penerimaan Produk | JX64: Waktu Siklus Pemenuhan | KR64: Waktu Penerimaan Produk | LS64: Waktu Siklus Pemenuhan | MM64: Waktu Penerimaan Produk | NN64: Waktu Siklus Pemenuhan | OH64: Waktu Penerimaan Produk | PI64: Waktu Siklus Pemenuhan | QC64: Waktu Penerimaan Produk | RD64: Waktu Siklus Pemenuhan | RX64: Waktu Penerimaan Produk | SY64: Waktu Siklus Pemenuhan | TS64: Waktu Penerimaan Produk
B65: Waktu Siklus Pemenuhan | V65: Waktu Siklus Penjadwalan | AA65: Waktu Siklus Penyediaan | AC65: =1/AE63 -> 0.33333333 | AE65: 1 | AG65: {=FindRedCellValue(E70:U70)} -> 0.33333333 | AI65: {=FindRedCellValue(E71:U71)} -> 5 | AK65: {=FindRedCellValue(E72:U72)} -> 5 | AM65: {=FindRedCellValue(E73:U73)} -> 0.33333333 | AO65: {=FindRedCellValue(E74:U74)} -> 0.14285714 | AW65: Waktu Siklus Pemenuhan | BQ65: Waktu Siklus Penjadwalan | BV65: Waktu Siklus Penyediaan | BX65: =1/BZ63 -> 0.33333333 | BZ65: 1 | CB65: {=FindRedCellValue(AZ70:BP70)} -> 5 | CD65: {=FindRedCellValue(AZ71:BP71)} -> 0.2 | CF65: {=FindRedCellValue(AZ72:BP72)} -> 3 | CH65: {=FindRedCellValue(AZ73:BP73)} -> 3 | CJ65: {=FindRedCellValue(AZ74:BP74)} -> 0.33333333 | CR65: Waktu Siklus Pemenuhan | DL65: Waktu Siklus Penjadwalan | DQ65: Waktu Siklus Penyediaan | DS65: =1/DU63 -> 0.33333333 | DU65: 1 | DW65: {=FindRedCellValue(CU70:DK70)} -> 0.33333333 | DY65: {=FindRedCellValue(CU71:DK71)} -> 0.33333333 | EA65: {=FindRedCellValue(CU72:DK72)} -> 5 | EC65: {=FindRedCellValue(CU73:DK73)} -> 3 | EE65: {=FindRedCellValue(CU74:DK74)} -> 0.33333333 | EM65: Waktu Siklus Pemenuhan | FG65: Waktu Siklus Penjadwalan | FL65: Waktu Siklus Penyediaan | FN65: =1/FP63 -> 0.33333333 | FP65: 1 | FR65: {=FindRedCellValue(EP70:FF70)} -> 3 | FT65: {=FindRedCellValue(EP71:FF71)} -> 0.33333333 | FV65: {=FindRedCellValue(EP72:FF72)} -> 5 | FX65: {=FindRedCellValue(EP73:FF73)} -> 0.2 | FZ65: {=FindRedCellValue(EP74:FF74)} -> 0.11111111 | GH65: Waktu Siklus Pemenuhan | HB65: Waktu Siklus Penjadwalan | HG65: Waktu Siklus Penyediaan | HI65: =1/HK63 -> 0.33333333 | HK65: 1 | HM65: {=FindRedCellValue(GK70:HA70)} -> 3 | HO65: {=FindRedCellValue(GK71:HA71)} -> 0.33333333 | HQ65: {=FindRedCellValue(GK72:HA72)} -> 3 | HS65: {=FindRedCellValue(GK73:HA73)} -> 3 | HU65: {=FindRedCellValue(GK74:HA74)} -> 0.33333333 | IC65: Waktu Siklus Pemenuhan | IW65: Waktu Siklus Penjadwalan | JB65: Waktu Siklus Penyediaan | JD65: =1/JF63 -> 0.33333333 | JF65: 1 | JH65: {=FindRedCellValue(IF70:IV70)} -> 5 | JJ65: {=FindRedCellValue(IF71:IV71)} -> 0.2 | JL65: {=FindRedCellValue(IF72:IV72)} -> 3 | JN65: {=FindRedCellValue(IF73:IV73)} -> 0.33333333 | JP65: {=FindRedCellValue(IF74:IV74)} -> 0.14285714 | JX65: Waktu Siklus Pemenuhan | KR65: Waktu Siklus Penjadwalan | KW65: Waktu Siklus Penyediaan | KY65: =1/LA63 -> 0.33333333 | LA65: 1 | LC65: {=FindRedCellValue(KA70:KQ70)} -> 0.33333333 | LE65: {=FindRedCellValue(KA71:KQ71)} -> 0.33333333 | LG65: {=FindRedCellValue(KA72:KQ72)} -> 5 | LI65: {=FindRedCellValue(KA73:KQ73)} -> 3 | LK65: {=FindRedCellValue(KA74:KQ74)} -> 0.33333333 | LS65: Waktu Siklus Pemenuhan | MM65: Waktu Siklus Penjadwalan | MR65: Waktu Siklus Penyediaan | MT65: =1/MV63 -> 0.33333333 | MV65: 1 | MX65: {=FindRedCellValue(LV70:ML70)} -> 3 | MZ65: {=FindRedCellValue(LV71:ML71)} -> 0.33333333 | NB65: {=FindRedCellValue(LV72:ML72)} -> 5 | ND65: {=FindRedCellValue(LV73:ML73)} -> 0.2 | NF65: {=FindRedCellValue(LV74:ML74)} -> 0.11111111 | NN65: Waktu Siklus Pemenuhan | OH65: Waktu Siklus Penjadwalan | OM65: Waktu Siklus Penyediaan | OO65: =1/OQ63 -> 0.33333333 | OQ65: 1 | OS65: {=FindRedCellValue(NQ70:OG70)} -> 0.33333333 | OU65: {=FindRedCellValue(NQ71:OG71)} -> 5 | OW65: {=FindRedCellValue(NQ72:OG72)} -> 5 | OY65: {=FindRedCellValue(NQ73:OG73)} -> 0.33333333 | PA65: {=FindRedCellValue(NQ74:OG74)} -> 0.14285714 | PI65: Waktu Siklus Pemenuhan | QC65: Waktu Siklus Penjadwalan | QH65: Waktu Siklus Penyediaan | QJ65: =1/QL63 -> 0.33333333 | QL65: 1 | QN65: {=FindRedCellValue(PL70:QB70)} -> 5 | QP65: {=FindRedCellValue(PL71:QB71)} -> 0.2 | QR65: {=FindRedCellValue(PL72:QB72)} -> 3 | QT65: {=FindRedCellValue(PL73:QB73)} -> 0.33333333 | QV65: {=FindRedCellValue(PL74:QB74)} -> 0.14285714 | RD65: Waktu Siklus Pemenuhan | RX65: Waktu Siklus Penjadwalan | SC65: Waktu Siklus Penyediaan | SE65: =1/SG63 -> 0.33333333 | SG65: 1 | SI65: {=FindRedCellValue(RG70:RW70)} -> 0.33333333 | SK65: {=FindRedCellValue(RG71:RW71)} -> 5 | SM65: {=FindRedCellValue(RG72:RW72)} -> 5 | SO65: {=FindRedCellValue(RG73:RW73)} -> 0.33333333 | SQ65: {=FindRedCellValue(RG74:RW74)} -> 0.14285714 | SY65: Waktu Siklus Pemenuhan | TS65: Waktu Siklus Penjadwalan | TX65: Waktu Siklus Penyediaan | TZ65: =1/UB63 -> 0.33333333 | UB65: 1 | UD65: {=FindRedCellValue(TB70:TR70)} -> 5 | UF65: {=FindRedCellValue(TB71:TR71)} -> 0.2 | UH65: {=FindRedCellValue(TB72:TR72)} -> 3 | UJ65: {=FindRedCellValue(TB73:TR73)} -> 3 | UL65: {=FindRedCellValue(TB74:TR74)} -> 0.33333333 | UX65: Waktu Siklus Penyediaan | UZ65: =AVERAGE(AC65,BX65,DS65,FN65,HI65,JD65,KY65,MT65,OO65,QJ65,SE65,TZ65) -> 0.33333333 | VB65: =AVERAGE(AE65,BZ65,DU65,FP65,HK65,JF65,LA65,MV65,OQ65,QL65,SG65,UB65) -> 1 | VD65: =AVERAGE(AG65,CB65,DW65,FR65,HM65,JH65,LC65,MX65,OS65,QN65,SI65,UD65) -> 2.5555556 | VF65: =AVERAGE(AI65,CD65,DY65,FT65,HO65,JJ65,LE65,MZ65,OU65,QP65,SK65,UF65) -> 1.4555556 | VH65: =AVERAGE(AK65,CF65,EA65,FV65,HQ65,JL65,LG65,NB65,OW65,QR65,SM65,UH65) -> 4.1666667 | VJ65: =AVERAGE(AM65,CH65,EC65,FX65,HS65,JN65,LI65,ND65,OY65,QT65,SO65,UJ65) -> 1.4222222 | VL65: =AVERAGE(AO65,CJ65,EE65,FZ65,HU65,JP65,LK65,NF65,PA65,QV65,SQ65,UL65) -> 0.21693122
B66: Waktu Siklus Pemenuhan | V66: Waktu Penyimpanan | AW66: Waktu Siklus Pemenuhan | BQ66: Waktu Penyimpanan | CR66: Waktu Siklus Pemenuhan | DL66: Waktu Penyimpanan | EM66: Waktu Siklus Pemenuhan | FG66: Waktu Penyimpanan | GH66: Waktu Siklus Pemenuhan | HB66: Waktu Penyimpanan | IC66: Waktu Siklus Pemenuhan | IW66: Waktu Penyimpanan | JX66: Waktu Siklus Pemenuhan | KR66: Waktu Penyimpanan | LS66: Waktu Siklus Pemenuhan | MM66: Waktu Penyimpanan | NN66: Waktu Siklus Pemenuhan | OH66: Waktu Penyimpanan | PI66: Waktu Siklus Pemenuhan | QC66: Waktu Penyimpanan | RD66: Waktu Siklus Pemenuhan | RX66: Waktu Penyimpanan | SY66: Waktu Siklus Pemenuhan | TS66: Waktu Penyimpanan
B67: Waktu Siklus Pemenuhan | V67: Waktu Pengiriman | AA67: Waktu Pengolahan | AC67: =1/AG63 -> 3 | AE67: =1/AG65 -> 3 | AG67: 1 | AI67: {=FindRedCellValue(E77:U77)} -> 0.2 | AK67: {=FindRedCellValue(E78:U78)} -> 3 | AM67: {=FindRedCellValue(E79:U79)} -> 7 | AO67: {=FindRedCellValue(E80:U80)} -> 0.11111111 | AW67: Waktu Siklus Pemenuhan | BQ67: Waktu Pengiriman | BV67: Waktu Pengolahan | BX67: =1/CB63 -> 3 | BZ67: =1/CB65 -> 0.2 | CB67: 1 | CD67: {=FindRedCellValue(AZ77:BP77)} -> 0.2 | CF67: {=FindRedCellValue(AZ78:BP78)} -> 5 | CH67: {=FindRedCellValue(AZ79:BP79)} -> 3 | CJ67: {=FindRedCellValue(AZ80:BP80)} -> 0.33333333 | CR67: Waktu Siklus Pemenuhan | DL67: Waktu Pengiriman | DQ67: Waktu Pengolahan | DS67: =1/DW63 -> 3 | DU67: =1/DW65 -> 3 | DW67: 1 | DY67: {=FindRedCellValue(CU77:DK77)} -> 0.33333333 | EA67: {=FindRedCellValue(CU78:DK78)} -> 3 | EC67: {=FindRedCellValue(CU79:DK79)} -> 0.2 | EE67: {=FindRedCellValue(CU80:DK80)} -> 5 | EM67: Waktu Siklus Pemenuhan | FG67: Waktu Pengiriman | FL67: Waktu Pengolahan | FN67: =1/FR63 -> 0.33333333 | FP67: =1/FR65 -> 0.33333333 | FR67: 1 | FT67: {=FindRedCellValue(EP77:FF77)} -> 0.33333333 | FV67: {=FindRedCellValue(EP78:FF78)} -> 5 | FX67: {=FindRedCellValue(EP79:FF79)} -> 3 | FZ67: {=FindRedCellValue(EP80:FF80)} -> 0.33333333 | GH67: Waktu Siklus Pemenuhan | HB67: Waktu Pengiriman | HG67: Waktu Pengolahan | HI67: =1/HM63 -> 3 | HK67: =1/HM65 -> 0.33333333 | HM67: 1 | HO67: {=FindRedCellValue(GK77:HA77)} -> 3 | HQ67: {=FindRedCellValue(GK78:HA78)} -> 5 | HS67: {=FindRedCellValue(GK79:HA79)} -> 0.2 | HU67: {=FindRedCellValue(GK80:HA80)} -> 0.2 | IC67: Waktu Siklus Pemenuhan | IW67: Waktu Pengiriman | JB67: Waktu Pengolahan | JD67: =1/JH63 -> 3 | JF67: =1/JH65 -> 0.2 | JH67: 1 | JJ67: {=FindRedCellValue(IF77:IV77)} -> 0.33333333 | JL67: {=FindRedCellValue(IF78:IV78)} -> 3 | JN67: {=FindRedCellValue(IF79:IV79)} -> 3 | JP67: {=FindRedCellValue(IF80:IV80)} -> 0.11111111 | JX67: Waktu Siklus Pemenuhan | KR67: Waktu Pengiriman | KW67: Waktu Pengolahan | KY67: =1/LC63 -> 3 | LA67: =1/LC65 -> 3 | LC67: 1 | LE67: {=FindRedCellValue(KA77:KQ77)} -> 0.33333333 | LG67: {=FindRedCellValue(KA78:KQ78)} -> 3 | LI67: {=FindRedCellValue(KA79:KQ79)} -> 0.2 | LK67: {=FindRedCellValue(KA80:KQ80)} -> 5 | LS67: Waktu Siklus Pemenuhan | MM67: Waktu Pengiriman | MR67: Waktu Pengolahan | MT67: =1/MX63 -> 0.33333333 | MV67: =1/MX65 -> 0.33333333 | MX67: 1 | MZ67: {=FindRedCellValue(LV77:ML77)} -> 0.33333333 | NB67: {=FindRedCellValue(LV78:ML78)} -> 5 | ND67: {=FindRedCellValue(LV79:ML79)} -> 3 | NF67: {=FindRedCellValue(LV80:ML80)} -> 0.33333333 | NN67: Waktu Siklus Pemenuhan | OH67: Waktu Pengiriman | OM67: Waktu Pengolahan | OO67: =1/OS63 -> 3 | OQ67: =1/OS65 -> 3 | OS67: 1 | OU67: {=FindRedCellValue(NQ77:OG77)} -> 0.2 | OW67: {=FindRedCellValue(NQ78:OG78)} -> 3 | OY67: {=FindRedCellValue(NQ79:OG79)} -> 7 | PA67: {=FindRedCellValue(NQ80:OG80)} -> 0.11111111 | PI67: Waktu Siklus Pemenuhan | QC67: Waktu Pengiriman | QH67: Waktu Pengolahan | QJ67: =1/QN63 -> 3 | QL67: =1/QN65 -> 0.2 | QN67: 1 | QP67: {=FindRedCellValue(PL77:QB77)} -> 0.33333333 | QR67: {=FindRedCellValue(PL78:QB78)} -> 3 | QT67: {=FindRedCellValue(PL79:QB79)} -> 3 | QV67: {=FindRedCellValue(PL80:QB80)} -> 0.11111111 | RD67: Waktu Siklus Pemenuhan | RX67: Waktu Pengiriman | SC67: Waktu Pengolahan | SE67: =1/SI63 -> 3 | SG67: =1/SI65 -> 3 | SI67: 1 | SK67: {=FindRedCellValue(RG77:RW77)} -> 0.2 | SM67: {=FindRedCellValue(RG78:RW78)} -> 3 | SO67: {=FindRedCellValue(RG79:RW79)} -> 7 | SQ67: {=FindRedCellValue(RG80:RW80)} -> 0.11111111 | SY67: Waktu Siklus Pemenuhan | TS67: Waktu Pengiriman | TX67: Waktu Pengolahan | TZ67: =1/UD63 -> 3 | UB67: =1/UD65 -> 0.2 | UD67: 1 | UF67: {=FindRedCellValue(TB77:TR77)} -> 0.2 | UH67: {=FindRedCellValue(TB78:TR78)} -> 5 | UJ67: {=FindRedCellValue(TB79:TR79)} -> 3 | UL67: {=FindRedCellValue(TB80:TR80)} -> 0.33333333 | UX67: Waktu Pengolahan | UZ67: =AVERAGE(AC67,BX67,DS67,FN67,HI67,JD67,KY67,MT67,OO67,QJ67,SE67,TZ67) -> 2.5555556 | VB67: =AVERAGE(AE67,BZ67,DU67,FP67,HK67,JF67,LA67,MV67,OQ67,QL67,SG67,UB67) -> 1.4 | VD67: =AVERAGE(AG67,CB67,DW67,FR67,HM67,JH67,LC67,MX67,OS67,QN67,SI67,UD67) -> 1 | VF67: =AVERAGE(AI67,CD67,DY67,FT67,HO67,JJ67,LE67,MZ67,OU67,QP67,SK67,UF67) -> 0.5 | VH67: =AVERAGE(AK67,CF67,EA67,FV67,HQ67,JL67,LG67,NB67,OW67,QR67,SM67,UH67) -> 3.8333333 | VJ67: =AVERAGE(AM67,CH67,EC67,FX67,HS67,JN67,LI67,ND67,OY67,QT67,SO67,UJ67) -> 3.3 | VL67: =AVERAGE(AO67,CJ67,EE67,FZ67,HU67,JP67,LK67,NF67,PA67,QV67,SQ67,UL67) -> 1.0074074
B69: Atribut A | E69: 9 | F69: 8 | G69: 7 | H69: 6 | I69: 5 | J69: 4 | K69: 3 | L69: 2 | M69: 1 | N69: 2 | O69: 3 | P69: 4 | Q69: 5 | R69: 6 | S69: 7 | T69: 8 | U69: 9 | V69: Atribut B | AA69: Waktu Penerimaan Produk | AC69: =1/AI63 -> 0.2 | AE69: =1/AI65 -> 0.2 | AG69: =1/AI67 -> 5 | AI69: 1 | AK69: {=FindRedCellValue(E83:U83)} -> 5 | AM69: {=FindRedCellValue(E84:U84)} -> 3 | AO69: {=FindRedCellValue(E85:U85)} -> 0.2 | AW69: Atribut A | AZ69: 9 | BA69: 8 | BB69: 7 | BC69: 6 | BD69: 5 | BE69: 4 | BF69: 3 | BG69: 2 | BH69: 1 | BI69: 2 | BJ69: 3 | BK69: 4 | BL69: 5 | BM69: 6 | BN69: 7 | BO69: 8 | BP69: 9 | BQ69: Atribut B | BV69: Waktu Penerimaan Produk | BX69: =1/CD63 -> 3 | BZ69: =1/CD65 -> 5 | CB69: =1/CD67 -> 5 | CD69: 1 | CF69: {=FindRedCellValue(AZ83:BP83)} -> 3 | CH69: {=FindRedCellValue(AZ84:BP84)} -> 3 | CJ69: {=FindRedCellValue(AZ85:BP85)} -> 0.14285714 | CR69: Atribut A | CU69: 9 | CV69: 8 | CW69: 7 | CX69: 6 | CY69: 5 | CZ69: 4 | DA69: 3 | DB69: 2 | DC69: 1 | DD69: 2 | DE69: 3 | DF69: 4 | DG69: 5 | DH69: 6 | DI69: 7 | DJ69: 8 | DK69: 9 | DL69: Atribut B | DQ69: Waktu Penerimaan Produk | DS69: =1/DY63 -> 3 | DU69: =1/DY65 -> 3 | DW69: =1/DY67 -> 3 | DY69: 1 | EA69: {=FindRedCellValue(CU83:DK83)} -> 3 | EC69: {=FindRedCellValue(CU84:DK84)} -> 3 | EE69: {=FindRedCellValue(CU85:DK85)} -> 0.33333333 | EM69: Atribut A | EP69: 9 | EQ69: 8 | ER69: 7 | ES69: 6 | ET69: 5 | EU69: 4 | EV69: 3 | EW69: 2 | EX69: 1 | EY69: 2 | EZ69: 3 | FA69: 4 | FB69: 5 | FC69: 6 | FD69: 7 | FE69: 8 | FF69: 9 | FG69: Atribut B | FL69: Waktu Penerimaan Produk | FN69: =1/FT63 -> 3 | FP69: =1/FT65 -> 3 | FR69: =1/FT67 -> 3 | FT69: 1 | FV69: {=FindRedCellValue(EP83:FF83)} -> 3 | FX69: {=FindRedCellValue(EP84:FF84)} -> 5 | FZ69: {=FindRedCellValue(EP85:FF85)} -> 3 | GH69: Atribut A | GK69: 9 | GL69: 8 | GM69: 7 | GN69: 6 | GO69: 5 | GP69: 4 | GQ69: 3 | GR69: 2 | GS69: 1 | GT69: 2 | GU69: 3 | GV69: 4 | GW69: 5 | GX69: 6 | GY69: 7 | GZ69: 8 | HA69: 9 | HB69: Atribut B | HG69: Waktu Penerimaan Produk | HI69: =1/HO63 -> 3 | HK69: =1/HO65 -> 3 | HM69: =1/HO67 -> 0.33333333 | HO69: 1 | HQ69: {=FindRedCellValue(GK83:HA83)} -> 3 | HS69: {=FindRedCellValue(GK84:HA84)} -> 3 | HU69: {=FindRedCellValue(GK85:HA85)} -> 0.2 | IC69: Atribut A | IF69: 9 | IG69: 8 | IH69: 7 | II69: 6 | IJ69: 5 | IK69: 4 | IL69: 3 | IM69: 2 | IN69: 1 | IO69: 2 | IP69: 3 | IQ69: 4 | IR69: 5 | IS69: 6 | IT69: 7 | IU69: 8 | IV69: 9 | IW69: Atribut B | JB69: Waktu Penerimaan Produk | JD69: =1/JJ63 -> 7 | JF69: =1/JJ65 -> 5 | JH69: =1/JJ67 -> 3 | JJ69: 1 | JL69: {=FindRedCellValue(IF83:IV83)} -> 3 | JN69: {=FindRedCellValue(IF84:IV84)} -> 3 | JP69: {=FindRedCellValue(IF85:IV85)} -> 0.2 | JX69: Atribut A | KA69: 9 | KB69: 8 | KC69: 7 | KD69: 6 | KE69: 5 | KF69: 4 | KG69: 3 | KH69: 2 | KI69: 1 | KJ69: 2 | KK69: 3 | KL69: 4 | KM69: 5 | KN69: 6 | KO69: 7 | KP69: 8 | KQ69: 9 | KR69: Atribut B | KW69: Waktu Penerimaan Produk | KY69: =1/LE63 -> 3 | LA69: =1/LE65 -> 3 | LC69: =1/LE67 -> 3 | LE69: 1 | LG69: {=FindRedCellValue(KA83:KQ83)} -> 3 | LI69: {=FindRedCellValue(KA84:KQ84)} -> 3 | LK69: {=FindRedCellValue(KA85:KQ85)} -> 0.33333333 | LS69: Atribut A | LV69: 9 | LW69: 8 | LX69: 7 | LY69: 6 | LZ69: 5 | MA69: 4 | MB69: 3 | MC69: 2 | MD69: 1 | ME69: 2 | MF69: 3 | MG69: 4 | MH69: 5 | MI69: 6 | MJ69: 7 | MK69: 8 | ML69: 9 | MM69: Atribut B | MR69: Waktu Penerimaan Produk | MT69: =1/MZ63 -> 3 | MV69: =1/MZ65 -> 3 | MX69: =1/MZ67 -> 3 | MZ69: 1 | NB69: {=FindRedCellValue(LV83:ML83)} -> 3 | ND69: {=FindRedCellValue(LV84:ML84)} -> 5 | NF69: {=FindRedCellValue(LV85:ML85)} -> 3 | NN69: Atribut A | NQ69: 9 | NR69: 8 | NS69: 7 | NT69: 6 | NU69: 5 | NV69: 4 | NW69: 3 | NX69: 2 | NY69: 1 | NZ69: 2 | OA69: 3 | OB69: 4 | OC69: 5 | OD69: 6 | OE69: 7 | OF69: 8 | OG69: 9 | OH69: Atribut B | OM69: Waktu Penerimaan Produk | OO69: =1/OU63 -> 0.2 | OQ69: =1/OU65 -> 0.2 | OS69: =1/OU67 -> 5 | OU69: 1 | OW69: {=FindRedCellValue(NQ83:OG83)} -> 5 | OY69: {=FindRedCellValue(NQ84:OG84)} -> 3 | PA69: {=FindRedCellValue(NQ85:OG85)} -> 0.2 | PI69: Atribut A | PL69: 9 | PM69: 8 | PN69: 7 | PO69: 6 | PP69: 5 | PQ69: 4 | PR69: 3 | PS69: 2 | PT69: 1 | PU69: 2 | PV69: 3 | PW69: 4 | PX69: 5 | PY69: 6 | PZ69: 7 | QA69: 8 | QB69: 9 | QC69: Atribut B | QH69: Waktu Penerimaan Produk | QJ69: =1/QP63 -> 7 | QL69: =1/QP65 -> 5 | QN69: =1/QP67 -> 3 | QP69: 1 | QR69: {=FindRedCellValue(PL83:QB83)} -> 3 | QT69: {=FindRedCellValue(PL84:QB84)} -> 3 | QV69: {=FindRedCellValue(PL85:QB85)} -> 0.2 | RD69: Atribut A | RG69: 9 | RH69: 8 | RI69: 7 | RJ69: 6 | RK69: 5 | RL69: 4 | RM69: 3 | RN69: 2 | RO69: 1 | RP69: 2 | RQ69: 3 | RR69: 4 | RS69: 5 | RT69: 6 | RU69: 7 | RV69: 8 | RW69: 9 | RX69: Atribut B | SC69: Waktu Penerimaan Produk | SE69: =1/SK63 -> 0.2 | SG69: =1/SK65 -> 0.2 | SI69: =1/SK67 -> 5 | SK69: 1 | SM69: {=FindRedCellValue(RG83:RW83)} -> 5 | SO69: {=FindRedCellValue(RG84:RW84)} -> 3 | SQ69: {=FindRedCellValue(RG85:RW85)} -> 0.2 | SY69: Atribut A | TB69: 9 | TC69: 8 | TD69: 7 | TE69: 6 | TF69: 5 | TG69: 4 | TH69: 3 | TI69: 2 | TJ69: 1 | TK69: 2 | TL69: 3 | TM69: 4 | TN69: 5 | TO69: 6 | TP69: 7 | TQ69: 8 | TR69: 9 | TS69: Atribut B | TX69: Waktu Penerimaan Produk | TZ69: =1/UF63 -> 3 | UB69: =1/UF65 -> 5 | UD69: =1/UF67 -> 5 | UF69: 1 | UH69: {=FindRedCellValue(TB83:TR83)} -> 3 | UJ69: {=FindRedCellValue(TB84:TR84)} -> 3 | UL69: {=FindRedCellValue(TB85:TR85)} -> 0.14285714 | UX69: Waktu Penerimaan Produk | UZ69: =AVERAGE(AC69,BX69,DS69,FN69,HI69,JD69,KY69,MT69,OO69,QJ69,SE69,TZ69) -> 2.9666667 | VB69: =AVERAGE(AE69,BZ69,DU69,FP69,HK69,JF69,LA69,MV69,OQ69,QL69,SG69,UB69) -> 2.9666667 | VD69: =AVERAGE(AG69,CB69,DW69,FR69,HM69,JH69,LC69,MX69,OS69,QN69,SI69,UD69) -> 3.6111111 | VF69: =AVERAGE(AI69,CD69,DY69,FT69,HO69,JJ69,LE69,MZ69,OU69,QP69,SK69,UF69) -> 1 | VH69: =AVERAGE(AK69,CF69,EA69,FV69,HQ69,JL69,LG69,NB69,OW69,QR69,SM69,UH69) -> 3.5 | VJ69: =AVERAGE(AM69,CH69,EC69,FX69,HS69,JN69,LI69,ND69,OY69,QT69,SO69,UJ69) -> 3.3333333 | VL69: =AVERAGE(AO69,CJ69,EE69,FZ69,HU69,JP69,LK69,NF69,PA69,QV69,SQ69,UL69) -> 0.67936508
B70: Waktu Siklus Penyediaan | V70: Waktu Pengolahan | AW70: Waktu Siklus Penyediaan | BQ70: Waktu Pengolahan | CR70: Waktu Siklus Penyediaan | DL70: Waktu Pengolahan | EM70: Waktu Siklus Penyediaan | FG70: Waktu Pengolahan | GH70: Waktu Siklus Penyediaan | HB70: Waktu Pengolahan | IC70: Waktu Siklus Penyediaan | IW70: Waktu Pengolahan | JX70: Waktu Siklus Penyediaan | KR70: Waktu Pengolahan | LS70: Waktu Siklus Penyediaan | MM70: Waktu Pengolahan | NN70: Waktu Siklus Penyediaan | OH70: Waktu Pengolahan | PI70: Waktu Siklus Penyediaan | QC70: Waktu Pengolahan | RD70: Waktu Siklus Penyediaan | RX70: Waktu Pengolahan | SY70: Waktu Siklus Penyediaan | TS70: Waktu Pengolahan
B71: Waktu Siklus Penyediaan | V71: Waktu Penerimaan Produk | AA71: Waktu Siklus Penjadwalan | AC71: =1/AK63 -> 5 | AE71: =1/AK65 -> 0.2 | AG71: =1/AK67 -> 0.33333333 | AI71: =1/AK69 -> 0.2 | AK71: 1 | AM71: {=FindRedCellValue(E88:U88)} -> 3 | AO71: {=FindRedCellValue(E89:U89)} -> 0.2 | AW71: Waktu Siklus Penyediaan | BQ71: Waktu Penerimaan Produk | BV71: Waktu Siklus Penjadwalan | BX71: =1/CF63 -> 0.2 | BZ71: =1/CF65 -> 0.33333333 | CB71: =1/CF67 -> 0.2 | CD71: =1/CF69 -> 0.33333333 | CF71: 1 | CH71: {=FindRedCellValue(AZ88:BP88)} -> 0.2 | CJ71: {=FindRedCellValue(AZ89:BP89)} -> 3 | CR71: Waktu Siklus Penyediaan | DL71: Waktu Penerimaan Produk | DQ71: Waktu Siklus Penjadwalan | DS71: =1/EA63 -> 0.2 | DU71: =1/EA65 -> 0.2 | DW71: =1/EA67 -> 0.33333333 | DY71: =1/EA69 -> 0.33333333 | EA71: 1 | EC71: {=FindRedCellValue(CU88:DK88)} -> 3 | EE71: {=FindRedCellValue(CU89:DK89)} -> 0.33333333 | EM71: Waktu Siklus Penyediaan | FG71: Waktu Penerimaan Produk | FL71: Waktu Siklus Penjadwalan | FN71: =1/FV63 -> 3 | FP71: =1/FV65 -> 0.2 | FR71: =1/FV67 -> 0.2 | FT71: =1/FV69 -> 0.33333333 | FV71: 1 | FX71: {=FindRedCellValue(EP88:FF88)} -> 0.33333333 | FZ71: {=FindRedCellValue(EP89:FF89)} -> 5 | GH71: Waktu Siklus Penyediaan | HB71: Waktu Penerimaan Produk | HG71: Waktu Siklus Penjadwalan | HI71: =1/HQ63 -> 0.2 | HK71: =1/HQ65 -> 0.33333333 | HM71: =1/HQ67 -> 0.2 | HO71: =1/HQ69 -> 0.33333333 | HQ71: 1 | HS71: {=FindRedCellValue(GK88:HA88)} -> 0.33333333 | HU71: {=FindRedCellValue(GK89:HA89)} -> 0.2 | IC71: Waktu Siklus Penyediaan | IW71: Waktu Penerimaan Produk | JB71: Waktu Siklus Penjadwalan | JD71: =1/JL63 -> 0.33333333 | JF71: =1/JL65 -> 0.33333333 | JH71: =1/JL67 -> 0.33333333 | JJ71: =1/JL69 -> 0.33333333 | JL71: 1 | JN71: {=FindRedCellValue(IF88:IV88)} -> 0.2 | JP71: {=FindRedCellValue(IF89:IV89)} -> 0.2 | JX71: Waktu Siklus Penyediaan | KR71: Waktu Penerimaan Produk | KW71: Waktu Siklus Penjadwalan | KY71: =1/LG63 -> 0.2 | LA71: =1/LG65 -> 0.2 | LC71: =1/LG67 -> 0.33333333 | LE71: =1/LG69 -> 0.33333333 | LG71: 1 | LI71: {=FindRedCellValue(KA88:KQ88)} -> 3 | LK71: {=FindRedCellValue(KA89:KQ89)} -> 0.33333333 | LS71: Waktu Siklus Penyediaan | MM71: Waktu Penerimaan Produk | MR71: Waktu Siklus Penjadwalan | MT71: =1/NB63 -> 3 | MV71: =1/NB65 -> 0.2 | MX71: =1/NB67 -> 0.2 | MZ71: =1/NB69 -> 0.33333333 | NB71: 1 | ND71: {=FindRedCellValue(LV88:ML88)} -> 0.33333333 | NF71: {=FindRedCellValue(LV89:ML89)} -> 5 | NN71: Waktu Siklus Penyediaan | OH71: Waktu Penerimaan Produk | OM71: Waktu Siklus Penjadwalan | OO71: =1/OW63 -> 5 | OQ71: =1/OW65 -> 0.2 | OS71: =1/OW67 -> 0.33333333 | OU71: =1/OW69 -> 0.2 | OW71: 1 | OY71: {=FindRedCellValue(NQ88:OG88)} -> 3 | PA71: {=FindRedCellValue(NQ89:OG89)} -> 0.2 | PI71: Waktu Siklus Penyediaan | QC71: Waktu Penerimaan Produk | QH71: Waktu Siklus Penjadwalan | QJ71: =1/QR63 -> 0.33333333 | QL71: =1/QR65 -> 0.33333333 | QN71: =1/QR67 -> 0.33333333 | QP71: =1/QR69 -> 0.33333333 | QR71: 1 | QT71: {=FindRedCellValue(PL88:QB88)} -> 0.2 | QV71: {=FindRedCellValue(PL89:QB89)} -> 0.2 | RD71: Waktu Siklus Penyediaan | RX71: Waktu Penerimaan Produk | SC71: Waktu Siklus Penjadwalan | SE71: =1/SM63 -> 5 | SG71: =1/SM65 -> 0.2 | SI71: =1/SM67 -> 0.33333333 | SK71: =1/SM69 -> 0.2 | SM71: 1 | SO71: {=FindRedCellValue(RG88:RW88)} -> 3 | SQ71: {=FindRedCellValue(RG89:RW89)} -> 0.2 | SY71: Waktu Siklus Penyediaan | TS71: Waktu Penerimaan Produk | TX71: Waktu Siklus Penjadwalan | TZ71: =1/UH63 -> 0.2 | UB71: =1/UH65 -> 0.33333333 | UD71: =1/UH67 -> 0.2 | UF71: =1/UH69 -> 0.33333333 | UH71: 1 | UJ71: {=FindRedCellValue(TB88:TR88)} -> 0.2 | UL71: {=FindRedCellValue(TB89:TR89)} -> 3 | UX71: Waktu Siklus Penjadwalan | UZ71: =AVERAGE(AC71,BX71,DS71,FN71,HI71,JD71,KY71,MT71,OO71,QJ71,SE71,TZ71) -> 1.8888889 | VB71: =AVERAGE(AE71,BZ71,DU71,FP71,HK71,JF71,LA71,MV71,OQ71,QL71,SG71,UB71) -> 0.25555556 | VD71: =AVERAGE(AG71,CB71,DW71,FR71,HM71,JH71,LC71,MX71,OS71,QN71,SI71,UD71) -> 0.27777778 | VF71: =AVERAGE(AI71,CD71,DY71,FT71,HO71,JJ71,LE71,MZ71,OU71,QP71,SK71,UF71) -> 0.3 | VH71: =AVERAGE(AK71,CF71,EA71,FV71,HQ71,JL71,LG71,NB71,OW71,QR71,SM71,UH71) -> 1 | VJ71: =AVERAGE(AM71,CH71,EC71,FX71,HS71,JN71,LI71,ND71,OY71,QT71,SO71,UJ71) -> 1.4 | VL71: =AVERAGE(AO71,CJ71,EE71,FZ71,HU71,JP71,LK71,NF71,PA71,QV71,SQ71,UL71) -> 1.4888889
B72: Waktu Siklus Penyediaan | V72: Waktu Siklus Penjadwalan | AW72: Waktu Siklus Penyediaan | BQ72: Waktu Siklus Penjadwalan | CR72: Waktu Siklus Penyediaan | DL72: Waktu Siklus Penjadwalan | EM72: Waktu Siklus Penyediaan | FG72: Waktu Siklus Penjadwalan | GH72: Waktu Siklus Penyediaan | HB72: Waktu Siklus Penjadwalan | IC72: Waktu Siklus Penyediaan | IW72: Waktu Siklus Penjadwalan | JX72: Waktu Siklus Penyediaan | KR72: Waktu Siklus Penjadwalan | LS72: Waktu Siklus Penyediaan | MM72: Waktu Siklus Penjadwalan | NN72: Waktu Siklus Penyediaan | OH72: Waktu Siklus Penjadwalan | PI72: Waktu Siklus Penyediaan | QC72: Waktu Siklus Penjadwalan | RD72: Waktu Siklus Penyediaan | RX72: Waktu Siklus Penjadwalan | SY72: Waktu Siklus Penyediaan | TS72: Waktu Siklus Penjadwalan
B73: Waktu Siklus Penyediaan | V73: Waktu Penyimpanan | AA73: Waktu Penyimpanan | AC73: =1/AM63 -> 0.14285714 | AE73: =1/AM65 -> 3 | AG73: =1/AM67 -> 0.14285714 | AI73: =1/AM69 -> 0.33333333 | AK73: =1/AM71 -> 0.33333333 | AM73: 1 | AO73: {=FindRedCellValue(E92:U92)} -> 5 | AW73: Waktu Siklus Penyediaan | BQ73: Waktu Penyimpanan | BV73: Waktu Penyimpanan | BX73: =1/CH63 -> 0.2 | BZ73: =1/CH65 -> 0.33333333 | CB73: =1/CH67 -> 0.33333333 | CD73: =1/CH69 -> 0.33333333 | CF73: =1/CH71 -> 5 | CH73: 1 | CJ73: {=FindRedCellValue(AZ92:BP92)} -> 0.33333333 | CR73: Waktu Siklus Penyediaan | DL73: Waktu Penyimpanan | DQ73: Waktu Penyimpanan | DS73: =1/EC63 -> 0.33333333 | DU73: =1/EC65 -> 0.33333333 | DW73: =1/EC67 -> 5 | DY73: =1/EC69 -> 0.33333333 | EA73: =1/EC71 -> 0.33333333 | EC73: 1 | EE73: {=FindRedCellValue(CU92:DK92)} -> 3 | EM73: Waktu Siklus Penyediaan | FG73: Waktu Penyimpanan | FL73: Waktu Penyimpanan | FN73: =1/FX63 -> 0.2 | FP73: =1/FX65 -> 5 | FR73: =1/FX67 -> 0.33333333 | FT73: =1/FX69 -> 0.2 | FV73: =1/FX71 -> 3 | FX73: 1 | FZ73: {=FindRedCellValue(EP92:FF92)} -> 5 | GH73: Waktu Siklus Penyediaan | HB73: Waktu Penyimpanan | HG73: Waktu Penyimpanan | HI73: =1/HS63 -> 7 | HK73: =1/HS65 -> 0.33333333 | HM73: =1/HS67 -> 5 | HO73: =1/HS69 -> 0.33333333 | HQ73: =1/HS71 -> 3 | HS73: 1 | HU73: {=FindRedCellValue(GK92:HA92)} -> 0.14285714 | IC73: Waktu Siklus Penyediaan | IW73: Waktu Penyimpanan | JB73: Waktu Penyimpanan | JD73: =1/JN63 -> 0.33333333 | JF73: =1/JN65 -> 3 | JH73: =1/JN67 -> 0.33333333 | JJ73: =1/JN69 -> 0.33333333 | JL73: =1/JN71 -> 5 | JN73: 1 | JP73: {=FindRedCellValue(IF92:IV92)} -> 7 | JX73: Waktu Siklus Penyediaan | KR73: Waktu Penyimpanan | KW73: Waktu Penyimpanan | KY73: =1/LI63 -> 0.33333333 | LA73: =1/LI65 -> 0.33333333 | LC73: =1/LI67 -> 5 | LE73: =1/LI69 -> 0.33333333 | LG73: =1/LI71 -> 0.33333333 | LI73: 1 | LK73: {=FindRedCellValue(KA92:KQ92)} -> 3 | LS73: Waktu Siklus Penyediaan | MM73: Waktu Penyimpanan | MR73: Waktu Penyimpanan | MT73: =1/ND63 -> 0.2 | MV73: =1/ND65 -> 5 | MX73: =1/ND67 -> 0.33333333 | MZ73: =1/ND69 -> 0.2 | NB73: =1/ND71 -> 3 | ND73: 1 | NF73: {=FindRedCellValue(LV92:ML92)} -> 5 | NN73: Waktu Siklus Penyediaan | OH73: Waktu Penyimpanan | OM73: Waktu Penyimpanan | OO73: =1/OY63 -> 0.14285714 | OQ73: =1/OY65 -> 3 | OS73: =1/OY67 -> 0.14285714 | OU73: =1/OY69 -> 0.33333333 | OW73: =1/OY71 -> 0.33333333 | OY73: 1 | PA73: {=FindRedCellValue(NQ92:OG92)} -> 5 | PI73: Waktu Siklus Penyediaan | QC73: Waktu Penyimpanan | QH73: Waktu Penyimpanan | QJ73: =1/QT63 -> 0.33333333 | QL73: =1/QT65 -> 3 | QN73: =1/QT67 -> 0.33333333 | QP73: =1/QT69 -> 0.33333333 | QR73: =1/QT71 -> 5 | QT73: 1 | QV73: {=FindRedCellValue(PL92:QB92)} -> 7 | RD73: Waktu Siklus Penyediaan | RX73: Waktu Penyimpanan | SC73: Waktu Penyimpanan | SE73: =1/SO63 -> 0.14285714 | SG73: =1/SO65 -> 3 | SI73: =1/SO67 -> 0.14285714 | SK73: =1/SO69 -> 0.33333333 | SM73: =1/SO71 -> 0.33333333 | SO73: 1 | SQ73: {=FindRedCellValue(RG92:RW92)} -> 5 | SY73: Waktu Siklus Penyediaan | TS73: Waktu Penyimpanan | TX73: Waktu Penyimpanan | TZ73: =1/UJ63 -> 0.2 | UB73: =1/UJ65 -> 0.33333333 | UD73: =1/UJ67 -> 0.33333333 | UF73: =1/UJ69 -> 0.33333333 | UH73: =1/UJ71 -> 5 | UJ73: 1 | UL73: {=FindRedCellValue(TB92:TR92)} -> 0.33333333 | UX73: Waktu Penyimpanan | UZ73: =AVERAGE(AC73,BX73,DS73,FN73,HI73,JD73,KY73,MT73,OO73,QJ73,SE73,TZ73) -> 0.7968254 | VB73: =AVERAGE(AE73,BZ73,DU73,FP73,HK73,JF73,LA73,MV73,OQ73,QL73,SG73,UB73) -> 2.2222222 | VD73: =AVERAGE(AG73,CB73,DW73,FR73,HM73,JH73,LC73,MX73,OS73,QN73,SI73,UD73) -> 1.452381 | VF73: =AVERAGE(AI73,CD73,DY73,FT73,HO73,JJ73,LE73,MZ73,OU73,QP73,SK73,UF73) -> 0.31111111 | VH73: =AVERAGE(AK73,CF73,EA73,FV73,HQ73,JL73,LG73,NB73,OW73,QR73,SM73,UH73) -> 2.5555556 | VJ73: =AVERAGE(AM73,CH73,EC73,FX73,HS73,JN73,LI73,ND73,OY73,QT73,SO73,UJ73) -> 1 | VL73: =AVERAGE(AO73,CJ73,EE73,FZ73,HU73,JP73,LK73,NF73,PA73,QV73,SQ73,UL73) -> 3.8174603
B74: Waktu Siklus Penyediaan | V74: Waktu Pengiriman | AW74: Waktu Siklus Penyediaan | BQ74: Waktu Pengiriman | CR74: Waktu Siklus Penyediaan | DL74: Waktu Pengiriman | EM74: Waktu Siklus Penyediaan | FG74: Waktu Pengiriman | GH74: Waktu Siklus Penyediaan | HB74: Waktu Pengiriman | IC74: Waktu Siklus Penyediaan | IW74: Waktu Pengiriman | JX74: Waktu Siklus Penyediaan | KR74: Waktu Pengiriman | LS74: Waktu Siklus Penyediaan | MM74: Waktu Pengiriman | NN74: Waktu Siklus Penyediaan | OH74: Waktu Pengiriman | PI74: Waktu Siklus Penyediaan | QC74: Waktu Pengiriman | RD74: Waktu Siklus Penyediaan | RX74: Waktu Pengiriman | SY74: Waktu Siklus Penyediaan | TS74: Waktu Pengiriman
AA75: Waktu Pengiriman | AC75: =1/AO63 -> 9 | AE75: =1/AO65 -> 7 | AG75: =1/AO67 -> 9 | AI75: =1/AO69 -> 5 | AK75: =1/AO71 -> 5 | AM75: =1/AO73 -> 0.2 | AO75: 1 | BV75: Waktu Pengiriman | BX75: =1/CJ63 -> 5 | BZ75: =1/CJ65 -> 3 | CB75: =1/CJ67 -> 3 | CD75: =1/CJ69 -> 7 | CF75: =1/CJ71 -> 0.33333333 | CH75: =1/CJ73 -> 3 | CJ75: 1 | DQ75: Waktu Pengiriman | DS75: =1/EE63 -> 5 | DU75: =1/EE65 -> 3 | DW75: =1/EE67 -> 0.2 | DY75: =1/EE69 -> 3 | EA75: =1/EE71 -> 3 | EC75: =1/EE73 -> 0.33333333 | EE75: 1 | FL75: Waktu Pengiriman | FN75: =1/FZ63 -> 0.2 | FP75: =1/FZ65 -> 9 | FR75: =1/FZ67 -> 3 | FT75: =1/FZ69 -> 0.33333333 | FV75: =1/FZ71 -> 0.2 | FX75: =1/FZ73 -> 0.2 | FZ75: 1 | HG75: Waktu Pengiriman | HI75: =1/HU63 -> 3 | HK75: =1/HU65 -> 3 | HM75: =1/HU67 -> 5 | HO75: =1/HU69 -> 5 | HQ75: =1/HU71 -> 5 | HS75: =1/HU73 -> 7 | HU75: 1 | JB75: Waktu Pengiriman | JD75: =1/JP63 -> 7 | JF75: =1/JP65 -> 7 | JH75: =1/JP67 -> 9 | JJ75: =1/JP69 -> 5 | JL75: =1/JP71 -> 5 | JN75: =1/JP73 -> 0.14285714 | JP75: 1 | KW75: Waktu Pengiriman | KY75: =1/LK63 -> 5 | LA75: =1/LK65 -> 3 | LC75: =1/LK67 -> 0.2 | LE75: =1/LK69 -> 3 | LG75: =1/LK71 -> 3 | LI75: =1/LK73 -> 0.33333333 | LK75: 1 | MR75: Waktu Pengiriman | MT75: =1/NF63 -> 0.2 | MV75: =1/NF65 -> 9 | MX75: =1/NF67 -> 3 | MZ75: =1/NF69 -> 0.33333333 | NB75: =1/NF71 -> 0.2 | ND75: =1/NF73 -> 0.2 | NF75: 1 | OM75: Waktu Pengiriman | OO75: =1/PA63 -> 9 | OQ75: =1/PA65 -> 7 | OS75: =1/PA67 -> 9 | OU75: =1/PA69 -> 5 | OW75: =1/PA71 -> 5 | OY75: =1/PA73 -> 0.2 | PA75: 1 | QH75: Waktu Pengiriman | QJ75: =1/QV63 -> 7 | QL75: =1/QV65 -> 7 | QN75: =1/QV67 -> 9 | QP75: =1/QV69 -> 5 | QR75: =1/QV71 -> 5 | QT75: =1/QV73 -> 0.14285714 | QV75: 1 | SC75: Waktu Pengiriman | SE75: =1/SQ63 -> 9 | SG75: =1/SQ65 -> 7 | SI75: =1/SQ67 -> 9 | SK75: =1/SQ69 -> 5 | SM75: =1/SQ71 -> 5 | SO75: =1/SQ73 -> 0.2 | SQ75: 1 | TX75: Waktu Pengiriman | TZ75: =1/UL63 -> 5 | UB75: =1/UL65 -> 3 | UD75: =1/UL67 -> 3 | UF75: =1/UL69 -> 7 | UH75: =1/UL71 -> 0.33333333 | UJ75: =1/UL73 -> 3 | UL75: 1 | UX75: Waktu Pengiriman | UZ75: =AVERAGE(AC75,BX75,DS75,FN75,HI75,JD75,KY75,MT75,OO75,QJ75,SE75,TZ75) -> 5.3666667 | VB75: =AVERAGE(AE75,BZ75,DU75,FP75,HK75,JF75,LA75,MV75,OQ75,QL75,SG75,UB75) -> 5.6666667 | VD75: =AVERAGE(AG75,CB75,DW75,FR75,HM75,JH75,LC75,MX75,OS75,QN75,SI75,UD75) -> 5.2 | VF75: =AVERAGE(AI75,CD75,DY75,FT75,HO75,JJ75,LE75,MZ75,OU75,QP75,SK75,UF75) -> 4.2222222 | VH75: =AVERAGE(AK75,CF75,EA75,FV75,HQ75,JL75,LG75,NB75,OW75,QR75,SM75,UH75) -> 3.0888889 | VJ75: =AVERAGE(AM75,CH75,EC75,FX75,HS75,JN75,LI75,ND75,OY75,QT75,SO75,UJ75) -> 1.2460317 | VL75: =AVERAGE(AO75,CJ75,EE75,FZ75,HU75,JP75,LK75,NF75,PA75,QV75,SQ75,UL75) -> 1
B76: Atribut A | E76: 9 | F76: 8 | G76: 7 | H76: 6 | I76: 5 | J76: 4 | K76: 3 | L76: 2 | M76: 1 | N76: 2 | O76: 3 | P76: 4 | Q76: 5 | R76: 6 | S76: 7 | T76: 8 | U76: 9 | V76: Atribut B | AW76: Atribut A | AZ76: 9 | BA76: 8 | BB76: 7 | BC76: 6 | BD76: 5 | BE76: 4 | BF76: 3 | BG76: 2 | BH76: 1 | BI76: 2 | BJ76: 3 | BK76: 4 | BL76: 5 | BM76: 6 | BN76: 7 | BO76: 8 | BP76: 9 | BQ76: Atribut B | CR76: Atribut A | CU76: 9 | CV76: 8 | CW76: 7 | CX76: 6 | CY76: 5 | CZ76: 4 | DA76: 3 | DB76: 2 | DC76: 1 | DD76: 2 | DE76: 3 | DF76: 4 | DG76: 5 | DH76: 6 | DI76: 7 | DJ76: 8 | DK76: 9 | DL76: Atribut B | EM76: Atribut A | EP76: 9 | EQ76: 8 | ER76: 7 | ES76: 6 | ET76: 5 | EU76: 4 | EV76: 3 | EW76: 2 | EX76: 1 | EY76: 2 | EZ76: 3 | FA76: 4 | FB76: 5 | FC76: 6 | FD76: 7 | FE76: 8 | FF76: 9 | FG76: Atribut B | GH76: Atribut A | GK76: 9 | GL76: 8 | GM76: 7 | GN76: 6 | GO76: 5 | GP76: 4 | GQ76: 3 | GR76: 2 | GS76: 1 | GT76: 2 | GU76: 3 | GV76: 4 | GW76: 5 | GX76: 6 | GY76: 7 | GZ76: 8 | HA76: 9 | HB76: Atribut B | IC76: Atribut A | IF76: 9 | IG76: 8 | IH76: 7 | II76: 6 | IJ76: 5 | IK76: 4 | IL76: 3 | IM76: 2 | IN76: 1 | IO76: 2 | IP76: 3 | IQ76: 4 | IR76: 5 | IS76: 6 | IT76: 7 | IU76: 8 | IV76: 9 | IW76: Atribut B | JX76: Atribut A | KA76: 9 | KB76: 8 | KC76: 7 | KD76: 6 | KE76: 5 | KF76: 4 | KG76: 3 | KH76: 2 | KI76: 1 | KJ76: 2 | KK76: 3 | KL76: 4 | KM76: 5 | KN76: 6 | KO76: 7 | KP76: 8 | KQ76: 9 | KR76: Atribut B | LS76: Atribut A | LV76: 9 | LW76: 8 | LX76: 7 | LY76: 6 | LZ76: 5 | MA76: 4 | MB76: 3 | MC76: 2 | MD76: 1 | ME76: 2 | MF76: 3 | MG76: 4 | MH76: 5 | MI76: 6 | MJ76: 7 | MK76: 8 | ML76: 9 | MM76: Atribut B | NN76: Atribut A | NQ76: 9 | NR76: 8 | NS76: 7 | NT76: 6 | NU76: 5 | NV76: 4 | NW76: 3 | NX76: 2 | NY76: 1 | NZ76: 2 | OA76: 3 | OB76: 4 | OC76: 5 | OD76: 6 | OE76: 7 | OF76: 8 | OG76: 9 | OH76: Atribut B | PI76: Atribut A | PL76: 9 | PM76: 8 | PN76: 7 | PO76: 6 | PP76: 5 | PQ76: 4 | PR76: 3 | PS76: 2 | PT76: 1 | PU76: 2 | PV76: 3 | PW76: 4 | PX76: 5 | PY76: 6 | PZ76: 7 | QA76: 8 | QB76: 9 | QC76: Atribut B | RD76: Atribut A | RG76: 9 | RH76: 8 | RI76: 7 | RJ76: 6 | RK76: 5 | RL76: 4 | RM76: 3 | RN76: 2 | RO76: 1 | RP76: 2 | RQ76: 3 | RR76: 4 | RS76: 5 | RT76: 6 | RU76: 7 | RV76: 8 | RW76: 9 | RX76: Atribut B | SY76: Atribut A | TB76: 9 | TC76: 8 | TD76: 7 | TE76: 6 | TF76: 5 | TG76: 4 | TH76: 3 | TI76: 2 | TJ76: 1 | TK76: 2 | TL76: 3 | TM76: 4 | TN76: 5 | TO76: 6 | TP76: 7 | TQ76: 8 | TR76: 9 | TS76: Atribut B
B77: Waktu Pengolahan | V77: Waktu Penerimaan Produk | AW77: Waktu Pengolahan | BQ77: Waktu Penerimaan Produk | CR77: Waktu Pengolahan | DL77: Waktu Penerimaan Produk | EM77: Waktu Pengolahan | FG77: Waktu Penerimaan Produk | GH77: Waktu Pengolahan | HB77: Waktu Penerimaan Produk | IC77: Waktu Pengolahan | IW77: Waktu Penerimaan Produk | JX77: Waktu Pengolahan | KR77: Waktu Penerimaan Produk | LS77: Waktu Pengolahan | MM77: Waktu Penerimaan Produk | NN77: Waktu Pengolahan | OH77: Waktu Penerimaan Produk | PI77: Waktu Pengolahan | QC77: Waktu Penerimaan Produk | RD77: Waktu Pengolahan | RX77: Waktu Penerimaan Produk | SY77: Waktu Pengolahan | TS77: Waktu Penerimaan Produk
B78: Waktu Pengolahan | V78: Waktu Siklus Penjadwalan | AW78: Waktu Pengolahan | BQ78: Waktu Siklus Penjadwalan | CR78: Waktu Pengolahan | DL78: Waktu Siklus Penjadwalan | EM78: Waktu Pengolahan | FG78: Waktu Siklus Penjadwalan | GH78: Waktu Pengolahan | HB78: Waktu Siklus Penjadwalan | IC78: Waktu Pengolahan | IW78: Waktu Siklus Penjadwalan | JX78: Waktu Pengolahan | KR78: Waktu Siklus Penjadwalan | LS78: Waktu Pengolahan | MM78: Waktu Siklus Penjadwalan | NN78: Waktu Pengolahan | OH78: Waktu Siklus Penjadwalan | PI78: Waktu Pengolahan | QC78: Waktu Siklus Penjadwalan | RD78: Waktu Pengolahan | RX78: Waktu Siklus Penjadwalan | SY78: Waktu Pengolahan | TS78: Waktu Siklus Penjadwalan
B79: Waktu Pengolahan | V79: Waktu Penyimpanan | AW79: Waktu Pengolahan | BQ79: Waktu Penyimpanan | CR79: Waktu Pengolahan | DL79: Waktu Penyimpanan | EM79: Waktu Pengolahan | FG79: Waktu Penyimpanan | GH79: Waktu Pengolahan | HB79: Waktu Penyimpanan | IC79: Waktu Pengolahan | IW79: Waktu Penyimpanan | JX79: Waktu Pengolahan | KR79: Waktu Penyimpanan | LS79: Waktu Pengolahan | MM79: Waktu Penyimpanan | NN79: Waktu Pengolahan | OH79: Waktu Penyimpanan | PI79: Waktu Pengolahan | QC79: Waktu Penyimpanan | RD79: Waktu Pengolahan | RX79: Waktu Penyimpanan | SY79: Waktu Pengolahan | TS79: Waktu Penyimpanan
B80: Waktu Pengolahan | V80: Waktu Pengiriman | AW80: Waktu Pengolahan | BQ80: Waktu Pengiriman | CR80: Waktu Pengolahan | DL80: Waktu Pengiriman | EM80: Waktu Pengolahan | FG80: Waktu Pengiriman | GH80: Waktu Pengolahan | HB80: Waktu Pengiriman | IC80: Waktu Pengolahan | IW80: Waktu Pengiriman | JX80: Waktu Pengolahan | KR80: Waktu Pengiriman | LS80: Waktu Pengolahan | MM80: Waktu Pengiriman | NN80: Waktu Pengolahan | OH80: Waktu Pengiriman | PI80: Waktu Pengolahan | QC80: Waktu Pengiriman | RD80: Waktu Pengolahan | RX80: Waktu Pengiriman | SY80: Waktu Pengolahan | TS80: Waktu Pengiriman
B82: Atribut A | E82: 9 | F82: 8 | G82: 7 | H82: 6 | I82: 5 | J82: 4 | K82: 3 | L82: 2 | M82: 1 | N82: 2 | O82: 3 | P82: 4 | Q82: 5 | R82: 6 | S82: 7 | T82: 8 | U82: 9 | V82: Atribut B | AW82: Atribut A | AZ82: 9 | BA82: 8 | BB82: 7 | BC82: 6 | BD82: 5 | BE82: 4 | BF82: 3 | BG82: 2 | BH82: 1 | BI82: 2 | BJ82: 3 | BK82: 4 | BL82: 5 | BM82: 6 | BN82: 7 | BO82: 8 | BP82: 9 | BQ82: Atribut B | CR82: Atribut A | CU82: 9 | CV82: 8 | CW82: 7 | CX82: 6 | CY82: 5 | CZ82: 4 | DA82: 3 | DB82: 2 | DC82: 1 | DD82: 2 | DE82: 3 | DF82: 4 | DG82: 5 | DH82: 6 | DI82: 7 | DJ82: 8 | DK82: 9 | DL82: Atribut B | EM82: Atribut A | EP82: 9 | EQ82: 8 | ER82: 7 | ES82: 6 | ET82: 5 | EU82: 4 | EV82: 3 | EW82: 2 | EX82: 1 | EY82: 2 | EZ82: 3 | FA82: 4 | FB82: 5 | FC82: 6 | FD82: 7 | FE82: 8 | FF82: 9 | FG82: Atribut B | GH82: Atribut A | GK82: 9 | GL82: 8 | GM82: 7 | GN82: 6 | GO82: 5 | GP82: 4 | GQ82: 3 | GR82: 2 | GS82: 1 | GT82: 2 | GU82: 3 | GV82: 4 | GW82: 5 | GX82: 6 | GY82: 7 | GZ82: 8 | HA82: 9 | HB82: Atribut B | IC82: Atribut A | IF82: 9 | IG82: 8 | IH82: 7 | II82: 6 | IJ82: 5 | IK82: 4 | IL82: 3 | IM82: 2 | IN82: 1 | IO82: 2 | IP82: 3 | IQ82: 4 | IR82: 5 | IS82: 6 | IT82: 7 | IU82: 8 | IV82: 9 | IW82: Atribut B | JX82: Atribut A | KA82: 9 | KB82: 8 | KC82: 7 | KD82: 6 | KE82: 5 | KF82: 4 | KG82: 3 | KH82: 2 | KI82: 1 | KJ82: 2 | KK82: 3 | KL82: 4 | KM82: 5 | KN82: 6 | KO82: 7 | KP82: 8 | KQ82: 9 | KR82: Atribut B | LS82: Atribut A | LV82: 9 | LW82: 8 | LX82: 7 | LY82: 6 | LZ82: 5 | MA82: 4 | MB82: 3 | MC82: 2 | MD82: 1 | ME82: 2 | MF82: 3 | MG82: 4 | MH82: 5 | MI82: 6 | MJ82: 7 | MK82: 8 | ML82: 9 | MM82: Atribut B | NN82: Atribut A | NQ82: 9 | NR82: 8 | NS82: 7 | NT82: 6 | NU82: 5 | NV82: 4 | NW82: 3 | NX82: 2 | NY82: 1 | NZ82: 2 | OA82: 3 | OB82: 4 | OC82: 5 | OD82: 6 | OE82: 7 | OF82: 8 | OG82: 9 | OH82: Atribut B | PI82: Atribut A | PL82: 9 | PM82: 8 | PN82: 7 | PO82: 6 | PP82: 5 | PQ82: 4 | PR82: 3 | PS82: 2 | PT82: 1 | PU82: 2 | PV82: 3 | PW82: 4 | PX82: 5 | PY82: 6 | PZ82: 7 | QA82: 8 | QB82: 9 | QC82: Atribut B | RD82: Atribut A | RG82: 9 | RH82: 8 | RI82: 7 | RJ82: 6 | RK82: 5 | RL82: 4 | RM82: 3 | RN82: 2 | RO82: 1 | RP82: 2 | RQ82: 3 | RR82: 4 | RS82: 5 | RT82: 6 | RU82: 7 | RV82: 8 | RW82: 9 | RX82: Atribut B | SY82: Atribut A | TB82: 9 | TC82: 8 | TD82: 7 | TE82: 6 | TF82: 5 | TG82: 4 | TH82: 3 | TI82: 2 | TJ82: 1 | TK82: 2 | TL82: 3 | TM82: 4 | TN82: 5 | TO82: 6 | TP82: 7 | TQ82: 8 | TR82: 9 | TS82: Atribut B
B83: Waktu Penerimaan Produk | V83: Waktu Siklus Penjadwalan | AW83: Waktu Penerimaan Produk | BQ83: Waktu Siklus Penjadwalan | CR83: Waktu Penerimaan Produk | DL83: Waktu Siklus Penjadwalan | EM83: Waktu Penerimaan Produk | FG83: Waktu Siklus Penjadwalan | GH83: Waktu Penerimaan Produk | HB83: Waktu Siklus Penjadwalan | IC83: Waktu Penerimaan Produk | IW83: Waktu Siklus Penjadwalan | JX83: Waktu Penerimaan Produk | KR83: Waktu Siklus Penjadwalan | LS83: Waktu Penerimaan Produk | MM83: Waktu Siklus Penjadwalan | NN83: Waktu Penerimaan Produk | OH83: Waktu Siklus Penjadwalan | PI83: Waktu Penerimaan Produk | QC83: Waktu Siklus Penjadwalan | RD83: Waktu Penerimaan Produk | RX83: Waktu Siklus Penjadwalan | SY83: Waktu Penerimaan Produk | TS83: Waktu Siklus Penjadwalan
B84: Waktu Penerimaan Produk | V84: Waktu Penyimpanan | AW84: Waktu Penerimaan Produk | BQ84: Waktu Penyimpanan | CR84: Waktu Penerimaan Produk | DL84: Waktu Penyimpanan | EM84: Waktu Penerimaan Produk | FG84: Waktu Penyimpanan | GH84: Waktu Penerimaan Produk | HB84: Waktu Penyimpanan | IC84: Waktu Penerimaan Produk | IW84: Waktu Penyimpanan | JX84: Waktu Penerimaan Produk | KR84: Waktu Penyimpanan | LS84: Waktu Penerimaan Produk | MM84: Waktu Penyimpanan | NN84: Waktu Penerimaan Produk | OH84: Waktu Penyimpanan | PI84: Waktu Penerimaan Produk | QC84: Waktu Penyimpanan | RD84: Waktu Penerimaan Produk | RX84: Waktu Penyimpanan | SY84: Waktu Penerimaan Produk | TS84: Waktu Penyimpanan
B85: Waktu Penerimaan Produk | V85: Waktu Pengiriman | AW85: Waktu Penerimaan Produk | BQ85: Waktu Pengiriman | CR85: Waktu Penerimaan Produk | DL85: Waktu Pengiriman | EM85: Waktu Penerimaan Produk | FG85: Waktu Pengiriman | GH85: Waktu Penerimaan Produk | HB85: Waktu Pengiriman | IC85: Waktu Penerimaan Produk | IW85: Waktu Pengiriman | JX85: Waktu Penerimaan Produk | KR85: Waktu Pengiriman | LS85: Waktu Penerimaan Produk | MM85: Waktu Pengiriman | NN85: Waktu Penerimaan Produk | OH85: Waktu Pengiriman | PI85: Waktu Penerimaan Produk | QC85: Waktu Pengiriman | RD85: Waktu Penerimaan Produk | RX85: Waktu Pengiriman | SY85: Waktu Penerimaan Produk | TS85: Waktu Pengiriman
B87: Atribut A | E87: 9 | F87: 8 | G87: 7 | H87: 6 | I87: 5 | J87: 4 | K87: 3 | L87: 2 | M87: 1 | N87: 2 | O87: 3 | P87: 4 | Q87: 5 | R87: 6 | S87: 7 | T87: 8 | U87: 9 | V87: Atribut B | AW87: Atribut A | AZ87: 9 | BA87: 8 | BB87: 7 | BC87: 6 | BD87: 5 | BE87: 4 | BF87: 3 | BG87: 2 | BH87: 1 | BI87: 2 | BJ87: 3 | BK87: 4 | BL87: 5 | BM87: 6 | BN87: 7 | BO87: 8 | BP87: 9 | BQ87: Atribut B | CR87: Atribut A | CU87: 9 | CV87: 8 | CW87: 7 | CX87: 6 | CY87: 5 | CZ87: 4 | DA87: 3 | DB87: 2 | DC87: 1 | DD87: 2 | DE87: 3 | DF87: 4 | DG87: 5 | DH87: 6 | DI87: 7 | DJ87: 8 | DK87: 9 | DL87: Atribut B | EM87: Atribut A | EP87: 9 | EQ87: 8 | ER87: 7 | ES87: 6 | ET87: 5 | EU87: 4 | EV87: 3 | EW87: 2 | EX87: 1 | EY87: 2 | EZ87: 3 | FA87: 4 | FB87: 5 | FC87: 6 | FD87: 7 | FE87: 8 | FF87: 9 | FG87: Atribut B | GH87: Atribut A | GK87: 9 | GL87: 8 | GM87: 7 | GN87: 6 | GO87: 5 | GP87: 4 | GQ87: 3 | GR87: 2 | GS87: 1 | GT87: 2 | GU87: 3 | GV87: 4 | GW87: 5 | GX87: 6 | GY87: 7 | GZ87: 8 | HA87: 9 | HB87: Atribut B | IC87: Atribut A | IF87: 9 | IG87: 8 | IH87: 7 | II87: 6 | IJ87: 5 | IK87: 4 | IL87: 3 | IM87: 2 | IN87: 1 | IO87: 2 | IP87: 3 | IQ87: 4 | IR87: 5 | IS87: 6 | IT87: 7 | IU87: 8 | IV87: 9 | IW87: Atribut B | JX87: Atribut A | KA87: 9 | KB87: 8 | KC87: 7 | KD87: 6 | KE87: 5 | KF87: 4 | KG87: 3 | KH87: 2 | KI87: 1 | KJ87: 2 | KK87: 3 | KL87: 4 | KM87: 5 | KN87: 6 | KO87: 7 | KP87: 8 | KQ87: 9 | KR87: Atribut B | LS87: Atribut A | LV87: 9 | LW87: 8 | LX87: 7 | LY87: 6 | LZ87: 5 | MA87: 4 | MB87: 3 | MC87: 2 | MD87: 1 | ME87: 2 | MF87: 3 | MG87: 4 | MH87: 5 | MI87: 6 | MJ87: 7 | MK87: 8 | ML87: 9 | MM87: Atribut B | NN87: Atribut A | NQ87: 9 | NR87: 8 | NS87: 7 | NT87: 6 | NU87: 5 | NV87: 4 | NW87: 3 | NX87: 2 | NY87: 1 | NZ87: 2 | OA87: 3 | OB87: 4 | OC87: 5 | OD87: 6 | OE87: 7 | OF87: 8 | OG87: 9 | OH87: Atribut B | PI87: Atribut A | PL87: 9 | PM87: 8 | PN87: 7 | PO87: 6 | PP87: 5 | PQ87: 4 | PR87: 3 | PS87: 2 | PT87: 1 | PU87: 2 | PV87: 3 | PW87: 4 | PX87: 5 | PY87: 6 | PZ87: 7 | QA87: 8 | QB87: 9 | QC87: Atribut B | RD87: Atribut A | RG87: 9 | RH87: 8 | RI87: 7 | RJ87: 6 | RK87: 5 | RL87: 4 | RM87: 3 | RN87: 2 | RO87: 1 | RP87: 2 | RQ87: 3 | RR87: 4 | RS87: 5 | RT87: 6 | RU87: 7 | RV87: 8 | RW87: 9 | RX87: Atribut B | SY87: Atribut A | TB87: 9 | TC87: 8 | TD87: 7 | TE87: 6 | TF87: 5 | TG87: 4 | TH87: 3 | TI87: 2 | TJ87: 1 | TK87: 2 | TL87: 3 | TM87: 4 | TN87: 5 | TO87: 6 | TP87: 7 | TQ87: 8 | TR87: 9 | TS87: Atribut B
B88: Waktu Siklus Penjadwalan | V88: Waktu Penyimpanan | AW88: Waktu Siklus Penjadwalan | BQ88: Waktu Penyimpanan | CR88: Waktu Siklus Penjadwalan | DL88: Waktu Penyimpanan | EM88: Waktu Siklus Penjadwalan | FG88: Waktu Penyimpanan | GH88: Waktu Siklus Penjadwalan | HB88: Waktu Penyimpanan | IC88: Waktu Siklus Penjadwalan | IW88: Waktu Penyimpanan | JX88: Waktu Siklus Penjadwalan | KR88: Waktu Penyimpanan | LS88: Waktu Siklus Penjadwalan | MM88: Waktu Penyimpanan | NN88: Waktu Siklus Penjadwalan | OH88: Waktu Penyimpanan | PI88: Waktu Siklus Penjadwalan | QC88: Waktu Penyimpanan | RD88: Waktu Siklus Penjadwalan | RX88: Waktu Penyimpanan | SY88: Waktu Siklus Penjadwalan | TS88: Waktu Penyimpanan
B89: Waktu Siklus Penjadwalan | V89: Waktu Pengiriman | AW89: Waktu Siklus Penjadwalan | BQ89: Waktu Pengiriman | CR89: Waktu Siklus Penjadwalan | DL89: Waktu Pengiriman | EM89: Waktu Siklus Penjadwalan | FG89: Waktu Pengiriman | GH89: Waktu Siklus Penjadwalan | HB89: Waktu Pengiriman | IC89: Waktu Siklus Penjadwalan | IW89: Waktu Pengiriman | JX89: Waktu Siklus Penjadwalan | KR89: Waktu Pengiriman | LS89: Waktu Siklus Penjadwalan | MM89: Waktu Pengiriman | NN89: Waktu Siklus Penjadwalan | OH89: Waktu Pengiriman | PI89: Waktu Siklus Penjadwalan | QC89: Waktu Pengiriman | RD89: Waktu Siklus Penjadwalan | RX89: Waktu Pengiriman | SY89: Waktu Siklus Penjadwalan | TS89: Waktu Pengiriman
B91: Atribut A | E91: 9 | F91: 8 | G91: 7 | H91: 6 | I91: 5 | J91: 4 | K91: 3 | L91: 2 | M91: 1 | N91: 2 | O91: 3 | P91: 4 | Q91: 5 | R91: 6 | S91: 7 | T91: 8 | U91: 9 | V91: Atribut B | AW91: Atribut A | AZ91: 9 | BA91: 8 | BB91: 7 | BC91: 6 | BD91: 5 | BE91: 4 | BF91: 3 | BG91: 2 | BH91: 1 | BI91: 2 | BJ91: 3 | BK91: 4 | BL91: 5 | BM91: 6 | BN91: 7 | BO91: 8 | BP91: 9 | BQ91: Atribut B | CR91: Atribut A | CU91: 9 | CV91: 8 | CW91: 7 | CX91: 6 | CY91: 5 | CZ91: 4 | DA91: 3 | DB91: 2 | DC91: 1 | DD91: 2 | DE91: 3 | DF91: 4 | DG91: 5 | DH91: 6 | DI91: 7 | DJ91: 8 | DK91: 9 | DL91: Atribut B | EM91: Atribut A | EP91: 9 | EQ91: 8 | ER91: 7 | ES91: 6 | ET91: 5 | EU91: 4 | EV91: 3 | EW91: 2 | EX91: 1 | EY91: 2 | EZ91: 3 | FA91: 4 | FB91: 5 | FC91: 6 | FD91: 7 | FE91: 8 | FF91: 9 | FG91: Atribut B | GH91: Atribut A | GK91: 9 | GL91: 8 | GM91: 7 | GN91: 6 | GO91: 5 | GP91: 4 | GQ91: 3 | GR91: 2 | GS91: 1 | GT91: 2 | GU91: 3 | GV91: 4 | GW91: 5 | GX91: 6 | GY91: 7 | GZ91: 8 | HA91: 9 | HB91: Atribut B | IC91: Atribut A | IF91: 9 | IG91: 8 | IH91: 7 | II91: 6 | IJ91: 5 | IK91: 4 | IL91: 3 | IM91: 2 | IN91: 1 | IO91: 2 | IP91: 3 | IQ91: 4 | IR91: 5 | IS91: 6 | IT91: 7 | IU91: 8 | IV91: 9 | IW91: Atribut B | JX91: Atribut A | KA91: 9 | KB91: 8 | KC91: 7 | KD91: 6 | KE91: 5 | KF91: 4 | KG91: 3 | KH91: 2 | KI91: 1 | KJ91: 2 | KK91: 3 | KL91: 4 | KM91: 5 | KN91: 6 | KO91: 7 | KP91: 8 | KQ91: 9 | KR91: Atribut B | LS91: Atribut A | LV91: 9 | LW91: 8 | LX91: 7 | LY91: 6 | LZ91: 5 | MA91: 4 | MB91: 3 | MC91: 2 | MD91: 1 | ME91: 2 | MF91: 3 | MG91: 4 | MH91: 5 | MI91: 6 | MJ91: 7 | MK91: 8 | ML91: 9 | MM91: Atribut B | NN91: Atribut A | NQ91: 9 | NR91: 8 | NS91: 7 | NT91: 6 | NU91: 5 | NV91: 4 | NW91: 3 | NX91: 2 | NY91: 1 | NZ91: 2 | OA91: 3 | OB91: 4 | OC91: 5 | OD91: 6 | OE91: 7 | OF91: 8 | OG91: 9 | OH91: Atribut B | PI91: Atribut A | PL91: 9 | PM91: 8 | PN91: 7 | PO91: 6 | PP91: 5 | PQ91: 4 | PR91: 3 | PS91: 2 | PT91: 1 | PU91: 2 | PV91: 3 | PW91: 4 | PX91: 5 | PY91: 6 | PZ91: 7 | QA91: 8 | QB91: 9 | QC91: Atribut B | RD91: Atribut A | RG91: 9 | RH91: 8 | RI91: 7 | RJ91: 6 | RK91: 5 | RL91: 4 | RM91: 3 | RN91: 2 | RO91: 1 | RP91: 2 | RQ91: 3 | RR91: 4 | RS91: 5 | RT91: 6 | RU91: 7 | RV91: 8 | RW91: 9 | RX91: Atribut B | SY91: Atribut A | TB91: 9 | TC91: 8 | TD91: 7 | TE91: 6 | TF91: 5 | TG91: 4 | TH91: 3 | TI91: 2 | TJ91: 1 | TK91: 2 | TL91: 3 | TM91: 4 | TN91: 5 | TO91: 6 | TP91: 7 | TQ91: 8 | TR91: 9 | TS91: Atribut B
B92: Waktu Penyimpanan | V92: Waktu Pengiriman | AW92: Waktu Penyimpanan | BQ92: Waktu Pengiriman | CR92: Waktu Penyimpanan | DL92: Waktu Pengiriman | EM92: Waktu Penyimpanan | FG92: Waktu Pengiriman | GH92: Waktu Penyimpanan | HB92: Waktu Pengiriman | IC92: Waktu Penyimpanan | IW92: Waktu Pengiriman | JX92: Waktu Penyimpanan | KR92: Waktu Pengiriman | LS92: Waktu Penyimpanan | MM92: Waktu Pengiriman | NN92: Waktu Penyimpanan | OH92: Waktu Pengiriman | PI92: Waktu Penyimpanan | QC92: Waktu Pengiriman | RD92: Waktu Penyimpanan | RX92: Waktu Pengiriman | SY92: Waktu Penyimpanan | TS92: Waktu Pengiriman
B95: FLEKSIBILITAS | AW95: FLEKSIBILITAS | CR95: FLEKSIBILITAS | EM95: FLEKSIBILITAS | GH95: FLEKSIBILITAS | IC95: FLEKSIBILITAS | JX95: FLEKSIBILITAS | LS95: FLEKSIBILITAS | NN95: FLEKSIBILITAS | PI95: FLEKSIBILITAS | RD95: FLEKSIBILITAS | SY95: FLEKSIBILITAS
B97: Atribut A | E97: 9 | F97: 8 | G97: 7 | H97: 6 | I97: 5 | J97: 4 | K97: 3 | L97: 2 | M97: 1 | N97: 2 | O97: 3 | P97: 4 | Q97: 5 | R97: 6 | S97: 7 | T97: 8 | U97: 9 | V97: Atribut B | AC97: Fleksibilitas Rantai Pasok | AE97: Fleksibilitas Penyediaan | AG97: Fleksibilitas Pengiriman | AW97: Atribut A | AZ97: 9 | BA97: 8 | BB97: 7 | BC97: 6 | BD97: 5 | BE97: 4 | BF97: 3 | BG97: 2 | BH97: 1 | BI97: 2 | BJ97: 3 | BK97: 4 | BL97: 5 | BM97: 6 | BN97: 7 | BO97: 8 | BP97: 9 | BQ97: Atribut B | BX97: Fleksibilitas Rantai Pasok | BZ97: Fleksibilitas Penyediaan | CB97: Fleksibilitas Pengiriman | CR97: Atribut A | CU97: 9 | CV97: 8 | CW97: 7 | CX97: 6 | CY97: 5 | CZ97: 4 | DA97: 3 | DB97: 2 | DC97: 1 | DD97: 2 | DE97: 3 | DF97: 4 | DG97: 5 | DH97: 6 | DI97: 7 | DJ97: 8 | DK97: 9 | DL97: Atribut B | DS97: Fleksibilitas Rantai Pasok | DU97: Fleksibilitas Penyediaan | DW97: Fleksibilitas Pengiriman | EM97: Atribut A | EP97: 9 | EQ97: 8 | ER97: 7 | ES97: 6 | ET97: 5 | EU97: 4 | EV97: 3 | EW97: 2 | EX97: 1 | EY97: 2 | EZ97: 3 | FA97: 4 | FB97: 5 | FC97: 6 | FD97: 7 | FE97: 8 | FF97: 9 | FG97: Atribut B | FN97: Fleksibilitas Rantai Pasok | FP97: Fleksibilitas Penyediaan | FR97: Fleksibilitas Pengiriman | GH97: Atribut A | GK97: 9 | GL97: 8 | GM97: 7 | GN97: 6 | GO97: 5 | GP97: 4 | GQ97: 3 | GR97: 2 | GS97: 1 | GT97: 2 | GU97: 3 | GV97: 4 | GW97: 5 | GX97: 6 | GY97: 7 | GZ97: 8 | HA97: 9 | HB97: Atribut B | HI97: Fleksibilitas Rantai Pasok | HK97: Fleksibilitas Penyediaan | HM97: Fleksibilitas Pengiriman | IC97: Atribut A | IF97: 9 | IG97: 8 | IH97: 7 | II97: 6 | IJ97: 5 | IK97: 4 | IL97: 3 | IM97: 2 | IN97: 1 | IO97: 2 | IP97: 3 | IQ97: 4 | IR97: 5 | IS97: 6 | IT97: 7 | IU97: 8 | IV97: 9 | IW97: Atribut B | JD97: Fleksibilitas Rantai Pasok | JF97: Fleksibilitas Penyediaan | JH97: Fleksibilitas Pengiriman | JX97: Atribut A | KA97: 9 | KB97: 8 | KC97: 7 | KD97: 6 | KE97: 5 | KF97: 4 | KG97: 3 | KH97: 2 | KI97: 1 | KJ97: 2 | KK97: 3 | KL97: 4 | KM97: 5 | KN97: 6 | KO97: 7 | KP97: 8 | KQ97: 9 | KR97: Atribut B | KY97: Fleksibilitas Rantai Pasok | LA97: Fleksibilitas Penyediaan | LC97: Fleksibilitas Pengiriman | LS97: Atribut A | LV97: 9 | LW97: 8 | LX97: 7 | LY97: 6 | LZ97: 5 | MA97: 4 | MB97: 3 | MC97: 2 | MD97: 1 | ME97: 2 | MF97: 3 | MG97: 4 | MH97: 5 | MI97: 6 | MJ97: 7 | MK97: 8 | ML97: 9 | MM97: Atribut B | MT97: Fleksibilitas Rantai Pasok | MV97: Fleksibilitas Penyediaan | MX97: Fleksibilitas Pengiriman | NN97: Atribut A | NQ97: 9 | NR97: 8 | NS97: 7 | NT97: 6 | NU97: 5 | NV97: 4 | NW97: 3 | NX97: 2 | NY97: 1 | NZ97: 2 | OA97: 3 | OB97: 4 | OC97: 5 | OD97: 6 | OE97: 7 | OF97: 8 | OG97: 9 | OH97: Atribut B | OO97: Fleksibilitas Rantai Pasok | OQ97: Fleksibilitas Penyediaan | OS97: Fleksibilitas Pengiriman | PI97: Atribut A | PL97: 9 | PM97: 8 | PN97: 7 | PO97: 6 | PP97: 5 | PQ97: 4 | PR97: 3 | PS97: 2 | PT97: 1 | PU97: 2 | PV97: 3 | PW97: 4 | PX97: 5 | PY97: 6 | PZ97: 7 | QA97: 8 | QB97: 9 | QC97: Atribut B | QJ97: Fleksibilitas Rantai Pasok | QL97: Fleksibilitas Penyediaan | QN97: Fleksibilitas Pengiriman | RD97: Atribut A | RG97: 9 | RH97: 8 | RI97: 7 | RJ97: 6 | RK97: 5 | RL97: 4 | RM97: 3 | RN97: 2 | RO97: 1 | RP97: 2 | RQ97: 3 | RR97: 4 | RS97: 5 | RT97: 6 | RU97: 7 | RV97: 8 | RW97: 9 | RX97: Atribut B | SE97: Fleksibilitas Rantai Pasok | SG97: Fleksibilitas Penyediaan | SI97: Fleksibilitas Pengiriman | SY97: Atribut A | TB97: 9 | TC97: 8 | TD97: 7 | TE97: 6 | TF97: 5 | TG97: 4 | TH97: 3 | TI97: 2 | TJ97: 1 | TK97: 2 | TL97: 3 | TM97: 4 | TN97: 5 | TO97: 6 | TP97: 7 | TQ97: 8 | TR97: 9 | TS97: Atribut B | TZ97: Fleksibilitas Rantai Pasok | UB97: Fleksibilitas Penyediaan | UD97: Fleksibilitas Pengiriman | UZ97: Fleksibilitas Rantai Pasok | VB97: Fleksibilitas Penyediaan | VD97: Fleksibilitas Pengiriman
B98: Fleksibilitas Rantai Pasok | V98: Fleksibilitas Penyediaan | AW98: Fleksibilitas Rantai Pasok | BQ98: Fleksibilitas Penyediaan | CR98: Fleksibilitas Rantai Pasok | DL98: Fleksibilitas Penyediaan | EM98: Fleksibilitas Rantai Pasok | FG98: Fleksibilitas Penyediaan | GH98: Fleksibilitas Rantai Pasok | HB98: Fleksibilitas Penyediaan | IC98: Fleksibilitas Rantai Pasok | IW98: Fleksibilitas Penyediaan | JX98: Fleksibilitas Rantai Pasok | KR98: Fleksibilitas Penyediaan | LS98: Fleksibilitas Rantai Pasok | MM98: Fleksibilitas Penyediaan | NN98: Fleksibilitas Rantai Pasok | OH98: Fleksibilitas Penyediaan | PI98: Fleksibilitas Rantai Pasok | QC98: Fleksibilitas Penyediaan | RD98: Fleksibilitas Rantai Pasok | RX98: Fleksibilitas Penyediaan | SY98: Fleksibilitas Rantai Pasok | TS98: Fleksibilitas Penyediaan
B99: Fleksibilitas Rantai Pasok | V99: Fleksibilitas Pengiriman | AA99: Fleksibilitas Rantai Pasok | AC99: 1 | AE99: {=FindRedCellValue(E98:U98)} -> 0.33333333 | AG99: {=FindRedCellValue(E99:U99)} -> 3 | AW99: Fleksibilitas Rantai Pasok | BQ99: Fleksibilitas Pengiriman | BV99: Fleksibilitas Rantai Pasok | BX99: 1 | BZ99: {=FindRedCellValue(AZ98:BP98)} -> 0.2 | CB99: {=FindRedCellValue(AZ99:BP99)} -> 3 | CR99: Fleksibilitas Rantai Pasok | DL99: Fleksibilitas Pengiriman | DQ99: Fleksibilitas Rantai Pasok | DS99: 1 | DU99: {=FindRedCellValue(CU98:DK98)} -> 3 | DW99: {=FindRedCellValue(CU99:DK99)} -> 0.2 | EM99: Fleksibilitas Rantai Pasok | FG99: Fleksibilitas Pengiriman | FL99: Fleksibilitas Rantai Pasok | FN99: 1 | FP99: {=FindRedCellValue(EP98:FF98)} -> 0.33333333 | FR99: {=FindRedCellValue(EP99:FF99)} -> 3 | GH99: Fleksibilitas Rantai Pasok | HB99: Fleksibilitas Pengiriman | HG99: Fleksibilitas Rantai Pasok | HI99: 1 | HK99: {=FindRedCellValue(GK98:HA98)} -> 0.2 | HM99: {=FindRedCellValue(GK99:HA99)} -> 3 | IC99: Fleksibilitas Rantai Pasok | IW99: Fleksibilitas Pengiriman | JB99: Fleksibilitas Rantai Pasok | JD99: 1 | JF99: {=FindRedCellValue(IF98:IV98)} -> 5 | JH99: {=FindRedCellValue(IF99:IV99)} -> 0.2 | JX99: Fleksibilitas Rantai Pasok | KR99: Fleksibilitas Pengiriman | KW99: Fleksibilitas Rantai Pasok | KY99: 1 | LA99: {=FindRedCellValue(KA98:KQ98)} -> 3 | LC99: {=FindRedCellValue(KA99:KQ99)} -> 0.2 | LS99: Fleksibilitas Rantai Pasok | MM99: Fleksibilitas Pengiriman | MR99: Fleksibilitas Rantai Pasok | MT99: 1 | MV99: {=FindRedCellValue(LV98:ML98)} -> 0.33333333 | MX99: {=FindRedCellValue(LV99:ML99)} -> 3 | NN99: Fleksibilitas Rantai Pasok | OH99: Fleksibilitas Pengiriman | OM99: Fleksibilitas Rantai Pasok | OO99: 1 | OQ99: {=FindRedCellValue(NQ98:OG98)} -> 0.33333333 | OS99: {=FindRedCellValue(NQ99:OG99)} -> 3 | PI99: Fleksibilitas Rantai Pasok | QC99: Fleksibilitas Pengiriman | QH99: Fleksibilitas Rantai Pasok | QJ99: 1 | QL99: {=FindRedCellValue(PL98:QB98)} -> 5 | QN99: {=FindRedCellValue(PL99:QB99)} -> 0.2 | RD99: Fleksibilitas Rantai Pasok | RX99: Fleksibilitas Pengiriman | SC99: Fleksibilitas Rantai Pasok | SE99: 1 | SG99: {=FindRedCellValue(RG98:RW98)} -> 0.33333333 | SI99: {=FindRedCellValue(RG99:RW99)} -> 3 | SY99: Fleksibilitas Rantai Pasok | TS99: Fleksibilitas Pengiriman | TX99: Fleksibilitas Rantai Pasok | TZ99: 1 | UB99: {=FindRedCellValue(TB98:TR98)} -> 0.2 | UD99: {=FindRedCellValue(TB99:TR99)} -> 3 | UX99: Fleksibilitas Rantai Pasok | UZ99: =AVERAGE(AC99,BX99,DS99,FN99,HI99,JD99,KY99,MT99,OO99,QJ99,SE99,TZ99) -> 1 | VB99: =AVERAGE(AE99,BZ99,DU99,FP99,HK99,JF99,LA99,MV99,OQ99,QL99,SG99,UB99) -> 1.5222222 | VD99: =AVERAGE(AG99,CB99,DW99,FR99,HM99,JH99,LC99,MX99,OS99,QN99,SI99,UD99) -> 2.0666667
B101: Atribut A | E101: 9 | F101: 8 | G101: 7 | H101: 6 | I101: 5 | J101: 4 | K101: 3 | L101: 2 | M101: 1 | N101: 2 | O101: 3 | P101: 4 | Q101: 5 | R101: 6 | S101: 7 | T101: 8 | U101: 9 | V101: Atribut B | AA101: Fleksibilitas Penyediaan | AC101: =1/AE99 -> 3 | AE101: 1 | AG101: {=FindRedCellValue(E102:U102)} -> 0.2 | AW101: Atribut A | AZ101: 9 | BA101: 8 | BB101: 7 | BC101: 6 | BD101: 5 | BE101: 4 | BF101: 3 | BG101: 2 | BH101: 1 | BI101: 2 | BJ101: 3 | BK101: 4 | BL101: 5 | BM101: 6 | BN101: 7 | BO101: 8 | BP101: 9 | BQ101: Atribut B | BV101: Fleksibilitas Penyediaan | BX101: =1/BZ99 -> 5 | BZ101: 1 | CB101: {=FindRedCellValue(AZ102:BP102)} -> 0.33333333 | CR101: Atribut A | CU101: 9 | CV101: 8 | CW101: 7 | CX101: 6 | CY101: 5 | CZ101: 4 | DA101: 3 | DB101: 2 | DC101: 1 | DD101: 2 | DE101: 3 | DF101: 4 | DG101: 5 | DH101: 6 | DI101: 7 | DJ101: 8 | DK101: 9 | DL101: Atribut B | DQ101: Fleksibilitas Penyediaan | DS101: =1/DU99 -> 0.33333333 | DU101: 1 | DW101: {=FindRedCellValue(CU102:DK102)} -> 0.33333333 | EM101: Atribut A | EP101: 9 | EQ101: 8 | ER101: 7 | ES101: 6 | ET101: 5 | EU101: 4 | EV101: 3 | EW101: 2 | EX101: 1 | EY101: 2 | EZ101: 3 | FA101: 4 | FB101: 5 | FC101: 6 | FD101: 7 | FE101: 8 | FF101: 9 | FG101: Atribut B | FL101: Fleksibilitas Penyediaan | FN101: =1/FP99 -> 3 | FP101: 1 | FR101: {=FindRedCellValue(EP102:FF102)} -> 0.2 | GH101: Atribut A | GK101: 9 | GL101: 8 | GM101: 7 | GN101: 6 | GO101: 5 | GP101: 4 | GQ101: 3 | GR101: 2 | GS101: 1 | GT101: 2 | GU101: 3 | GV101: 4 | GW101: 5 | GX101: 6 | GY101: 7 | GZ101: 8 | HA101: 9 | HB101: Atribut B | HG101: Fleksibilitas Penyediaan | HI101: =1/HK99 -> 5 | HK101: 1 | HM101: {=FindRedCellValue(GK102:HA102)} -> 0.33333333 | IC101: Atribut A | IF101: 9 | IG101: 8 | IH101: 7 | II101: 6 | IJ101: 5 | IK101: 4 | IL101: 3 | IM101: 2 | IN101: 1 | IO101: 2 | IP101: 3 | IQ101: 4 | IR101: 5 | IS101: 6 | IT101: 7 | IU101: 8 | IV101: 9 | IW101: Atribut B | JB101: Fleksibilitas Penyediaan | JD101: =1/JF99 -> 0.2 | JF101: 1 | JH101: {=FindRedCellValue(IF102:IV102)} -> 0.33333333 | JX101: Atribut A | KA101: 9 | KB101: 8 | KC101: 7 | KD101: 6 | KE101: 5 | KF101: 4 | KG101: 3 | KH101: 2 | KI101: 1 | KJ101: 2 | KK101: 3 | KL101: 4 | KM101: 5 | KN101: 6 | KO101: 7 | KP101: 8 | KQ101: 9 | KR101: Atribut B | KW101: Fleksibilitas Penyediaan | KY101: =1/LA99 -> 0.33333333 | LA101: 1 | LC101: {=FindRedCellValue(KA102:KQ102)} -> 0.33333333 | LS101: Atribut A | LV101: 9 | LW101: 8 | LX101: 7 | LY101: 6 | LZ101: 5 | MA101: 4 | MB101: 3 | MC101: 2 | MD101: 1 | ME101: 2 | MF101: 3 | MG101: 4 | MH101: 5 | MI101: 6 | MJ101: 7 | MK101: 8 | ML101: 9 | MM101: Atribut B | MR101: Fleksibilitas Penyediaan | MT101: =1/MV99 -> 3 | MV101: 1 | MX101: {=FindRedCellValue(LV102:ML102)} -> 0.2 | NN101: Atribut A | NQ101: 9 | NR101: 8 | NS101: 7 | NT101: 6 | NU101: 5 | NV101: 4 | NW101: 3 | NX101: 2 | NY101: 1 | NZ101: 2 | OA101: 3 | OB101: 4 | OC101: 5 | OD101: 6 | OE101: 7 | OF101: 8 | OG101: 9 | OH101: Atribut B | OM101: Fleksibilitas Penyediaan | OO101: =1/OQ99 -> 3 | OQ101: 1 | OS101: {=FindRedCellValue(NQ102:OG102)} -> 0.2 | PI101: Atribut A | PL101: 9 | PM101: 8 | PN101: 7 | PO101: 6 | PP101: 5 | PQ101: 4 | PR101: 3 | PS101: 2 | PT101: 1 | PU101: 2 | PV101: 3 | PW101: 4 | PX101: 5 | PY101: 6 | PZ101: 7 | QA101: 8 | QB101: 9 | QC101: Atribut B | QH101: Fleksibilitas Penyediaan | QJ101: =1/QL99 -> 0.2 | QL101: 1 | QN101: {=FindRedCellValue(PL102:QB102)} -> 0.33333333 | RD101: Atribut A | RG101: 9 | RH101: 8 | RI101: 7 | RJ101: 6 | RK101: 5 | RL101: 4 | RM101: 3 | RN101: 2 | RO101: 1 | RP101: 2 | RQ101: 3 | RR101: 4 | RS101: 5 | RT101: 6 | RU101: 7 | RV101: 8 | RW101: 9 | RX101: Atribut B | SC101: Fleksibilitas Penyediaan | SE101: =1/SG99 -> 3 | SG101: 1 | SI101: {=FindRedCellValue(RG102:RW102)} -> 0.2 | SY101: Atribut A | TB101: 9 | TC101: 8 | TD101: 7 | TE101: 6 | TF101: 5 | TG101: 4 | TH101: 3 | TI101: 2 | TJ101: 1 | TK101: 2 | TL101: 3 | TM101: 4 | TN101: 5 | TO101: 6 | TP101: 7 | TQ101: 8 | TR101: 9 | TS101: Atribut B | TX101: Fleksibilitas Penyediaan | TZ101: =1/UB99 -> 5 | UB101: 1 | UD101: {=FindRedCellValue(TB102:TR102)} -> 0.33333333 | UX101: Fleksibilitas Penyediaan | UZ101: =AVERAGE(AC101,BX101,DS101,FN101,HI101,JD101,KY101,MT101,OO101,QJ101,SE101,TZ101) -> 2.5888889 | VB101: =AVERAGE(AE101,BZ101,DU101,FP101,HK101,JF101,LA101,MV101,OQ101,QL101,SG101,UB101) -> 1 | VD101: =AVERAGE(AG101,CB101,DW101,FR101,HM101,JH101,LC101,MX101,OS101,QN101,SI101,UD101) -> 0.27777778
B102: Fleksibilitas Penyediaan | V102: Fleksibilitas Pengiriman | AW102: Fleksibilitas Penyediaan | BQ102: Fleksibilitas Pengiriman | CR102: Fleksibilitas Penyediaan | DL102: Fleksibilitas Pengiriman | EM102: Fleksibilitas Penyediaan | FG102: Fleksibilitas Pengiriman | GH102: Fleksibilitas Penyediaan | HB102: Fleksibilitas Pengiriman | IC102: Fleksibilitas Penyediaan | IW102: Fleksibilitas Pengiriman | JX102: Fleksibilitas Penyediaan | KR102: Fleksibilitas Pengiriman | LS102: Fleksibilitas Penyediaan | MM102: Fleksibilitas Pengiriman | NN102: Fleksibilitas Penyediaan | OH102: Fleksibilitas Pengiriman | PI102: Fleksibilitas Penyediaan | QC102: Fleksibilitas Pengiriman | RD102: Fleksibilitas Penyediaan | RX102: Fleksibilitas Pengiriman | SY102: Fleksibilitas Penyediaan | TS102: Fleksibilitas Pengiriman
AA103: Fleksibilitas Pengiriman | AC103: =1/AG99 -> 0.33333333 | AE103: =1/AG101 -> 5 | AG103: 1 | BV103: Fleksibilitas Pengiriman | BX103: =1/CB99 -> 0.33333333 | BZ103: =1/CB101 -> 3 | CB103: 1 | DQ103: Fleksibilitas Pengiriman | DS103: =1/DW99 -> 5 | DU103: =1/DW101 -> 3 | DW103: 1 | FL103: Fleksibilitas Pengiriman | FN103: =1/FR99 -> 0.33333333 | FP103: =1/FR101 -> 5 | FR103: 1 | HG103: Fleksibilitas Pengiriman | HI103: =1/HM99 -> 0.33333333 | HK103: =1/HM101 -> 3 | HM103: 1 | JB103: Fleksibilitas Pengiriman | JD103: =1/JH99 -> 5 | JF103: =1/JH101 -> 3 | JH103: 1 | KW103: Fleksibilitas Pengiriman | KY103: =1/LC99 -> 5 | LA103: =1/LC101 -> 3 | LC103: 1 | MR103: Fleksibilitas Pengiriman | MT103: =1/MX99 -> 0.33333333 | MV103: =1/MX101 -> 5 | MX103: 1 | OM103: Fleksibilitas Pengiriman | OO103: =1/OS99 -> 0.33333333 | OQ103: =1/OS101 -> 5 | OS103: 1 | QH103: Fleksibilitas Pengiriman | QJ103: =1/QN99 -> 5 | QL103: =1/QN101 -> 3 | QN103: 1 | SC103: Fleksibilitas Pengiriman | SE103: =1/SI99 -> 0.33333333 | SG103: =1/SI101 -> 5 | SI103: 1 | TX103: Fleksibilitas Pengiriman | TZ103: =1/UD99 -> 0.33333333 | UB103: =1/UD101 -> 3 | UD103: 1 | UX103: Fleksibilitas Pengiriman | UZ103: =AVERAGE(AC103,BX103,DS103,FN103,HI103,JD103,KY103,MT103,OO103,QJ103,SE103,TZ103) -> 1.8888889 | VB103: =AVERAGE(AE103,BZ103,DU103,FP103,HK103,JF103,LA103,MV103,OQ103,QL103,SG103,UB103) -> 3.8333333 | VD103: =AVERAGE(AG103,CB103,DW103,FR103,HM103,JH103,LC103,MX103,OS103,QN103,SI103,UD103) -> 1
B105: BIAYA | AW105: BIAYA | CR105: BIAYA | EM105: BIAYA | GH105: BIAYA | IC105: BIAYA | JX105: BIAYA | LS105: BIAYA | NN105: BIAYA | PI105: BIAYA | RD105: BIAYA | SY105: BIAYA
B107: Atribut A | E107: 9 | F107: 8 | G107: 7 | H107: 6 | I107: 5 | J107: 4 | K107: 3 | L107: 2 | M107: 1 | N107: 2 | O107: 3 | P107: 4 | Q107: 5 | R107: 6 | S107: 7 | T107: 8 | U107: 9 | V107: Atribut B | AC107: Biaya Rantai Pasok | AE107: Biaya Penyediaan | AG107: Biaya Penyimpanan | AI107: Biaya Pengemasan | AK107: Biaya Pengiriman | AM107: Biaya Sewa | AO107: Biaya Transportasi | AW107: Atribut A | AZ107: 9 | BA107: 8 | BB107: 7 | BC107: 6 | BD107: 5 | BE107: 4 | BF107: 3 | BG107: 2 | BH107: 1 | BI107: 2 | BJ107: 3 | BK107: 4 | BL107: 5 | BM107: 6 | BN107: 7 | BO107: 8 | BP107: 9 | BQ107: Atribut B | BX107: Biaya Rantai Pasok | BZ107: Biaya Penyediaan | CB107: Biaya Penyimpanan | CD107: Biaya Pengemasan | CF107: Biaya Pengiriman | CH107: Biaya Sewa | CJ107: Biaya Transportasi | CR107: Atribut A | CU107: 9 | CV107: 8 | CW107: 7 | CX107: 6 | CY107: 5 | CZ107: 4 | DA107: 3 | DB107: 2 | DC107: 1 | DD107: 2 | DE107: 3 | DF107: 4 | DG107: 5 | DH107: 6 | DI107: 7 | DJ107: 8 | DK107: 9 | DL107: Atribut B | DS107: Biaya Rantai Pasok | DU107: Biaya Penyediaan | DW107: Biaya Penyimpanan | DY107: Biaya Pengemasan | EA107: Biaya Pengiriman | EC107: Biaya Sewa | EE107: Biaya Transportasi | EM107: Atribut A | EP107: 9 | EQ107: 8 | ER107: 7 | ES107: 6 | ET107: 5 | EU107: 4 | EV107: 3 | EW107: 2 | EX107: 1 | EY107: 2 | EZ107: 3 | FA107: 4 | FB107: 5 | FC107: 6 | FD107: 7 | FE107: 8 | FF107: 9 | FG107: Atribut B | FN107: Biaya Rantai Pasok | FP107: Biaya Penyediaan | FR107: Biaya Penyimpanan | FT107: Biaya Pengemasan | FV107: Biaya Pengiriman | FX107: Biaya Sewa | FZ107: Biaya Transportasi | GH107: Atribut A | GK107: 9 | GL107: 8 | GM107: 7 | GN107: 6 | GO107: 5 | GP107: 4 | GQ107: 3 | GR107: 2 | GS107: 1 | GT107: 2 | GU107: 3 | GV107: 4 | GW107: 5 | GX107: 6 | GY107: 7 | GZ107: 8 | HA107: 9 | HB107: Atribut B | HI107: Biaya Rantai Pasok | HK107: Biaya Penyediaan | HM107: Biaya Penyimpanan | HO107: Biaya Pengemasan | HQ107: Biaya Pengiriman | HS107: Biaya Sewa | HU107: Biaya Transportasi | IC107: Atribut A | IF107: 9 | IG107: 8 | IH107: 7 | II107: 6 | IJ107: 5 | IK107: 4 | IL107: 3 | IM107: 2 | IN107: 1 | IO107: 2 | IP107: 3 | IQ107: 4 | IR107: 5 | IS107: 6 | IT107: 7 | IU107: 8 | IV107: 9 | IW107: Atribut B | JD107: Biaya Rantai Pasok | JF107: Biaya Penyediaan | JH107: Biaya Penyimpanan | JJ107: Biaya Pengemasan | JL107: Biaya Pengiriman | JN107: Biaya Sewa | JP107: Biaya Transportasi | JX107: Atribut A | KA107: 9 | KB107: 8 | KC107: 7 | KD107: 6 | KE107: 5 | KF107: 4 | KG107: 3 | KH107: 2 | KI107: 1 | KJ107: 2 | KK107: 3 | KL107: 4 | KM107: 5 | KN107: 6 | KO107: 7 | KP107: 8 | KQ107: 9 | KR107: Atribut B | KY107: Biaya Rantai Pasok | LA107: Biaya Penyediaan | LC107: Biaya Penyimpanan | LE107: Biaya Pengemasan | LG107: Biaya Pengiriman | LI107: Biaya Sewa | LK107: Biaya Transportasi | LS107: Atribut A | LV107: 9 | LW107: 8 | LX107: 7 | LY107: 6 | LZ107: 5 | MA107: 4 | MB107: 3 | MC107: 2 | MD107: 1 | ME107: 2 | MF107: 3 | MG107: 4 | MH107: 5 | MI107: 6 | MJ107: 7 | MK107: 8 | ML107: 9 | MM107: Atribut B | MT107: Biaya Rantai Pasok | MV107: Biaya Penyediaan | MX107: Biaya Penyimpanan | MZ107: Biaya Pengemasan | NB107: Biaya Pengiriman | ND107: Biaya Sewa | NF107: Biaya Transportasi | NN107: Atribut A | NQ107: 9 | NR107: 8 | NS107: 7 | NT107: 6 | NU107: 5 | NV107: 4 | NW107: 3 | NX107: 2 | NY107: 1 | NZ107: 2 | OA107: 3 | OB107: 4 | OC107: 5 | OD107: 6 | OE107: 7 | OF107: 8 | OG107: 9 | OH107: Atribut B | OO107: Biaya Rantai Pasok | OQ107: Biaya Penyediaan | OS107: Biaya Penyimpanan | OU107: Biaya Pengemasan | OW107: Biaya Pengiriman | OY107: Biaya Sewa | PA107: Biaya Transportasi | PI107: Atribut A | PL107: 9 | PM107: 8 | PN107: 7 | PO107: 6 | PP107: 5 | PQ107: 4 | PR107: 3 | PS107: 2 | PT107: 1 | PU107: 2 | PV107: 3 | PW107: 4 | PX107: 5 | PY107: 6 | PZ107: 7 | QA107: 8 | QB107: 9 | QC107: Atribut B | QJ107: Biaya Rantai Pasok | QL107: Biaya Penyediaan | QN107: Biaya Penyimpanan | QP107: Biaya Pengemasan | QR107: Biaya Pengiriman | QT107: Biaya Sewa | QV107: Biaya Transportasi | RD107: Atribut A | RG107: 9 | RH107: 8 | RI107: 7 | RJ107: 6 | RK107: 5 | RL107: 4 | RM107: 3 | RN107: 2 | RO107: 1 | RP107: 2 | RQ107: 3 | RR107: 4 | RS107: 5 | RT107: 6 | RU107: 7 | RV107: 8 | RW107: 9 | RX107: Atribut B | SE107: Biaya Rantai Pasok | SG107: Biaya Penyediaan | SI107: Biaya Penyimpanan | SK107: Biaya Pengemasan | SM107: Biaya Pengiriman | SO107: Biaya Sewa | SQ107: Biaya Transportasi | SY107: Atribut A | TB107: 9 | TC107: 8 | TD107: 7 | TE107: 6 | TF107: 5 | TG107: 4 | TH107: 3 | TI107: 2 | TJ107: 1 | TK107: 2 | TL107: 3 | TM107: 4 | TN107: 5 | TO107: 6 | TP107: 7 | TQ107: 8 | TR107: 9 | TS107: Atribut B | TZ107: Biaya Rantai Pasok | UB107: Biaya Penyediaan | UD107: Biaya Penyimpanan | UF107: Biaya Pengemasan | UH107: Biaya Pengiriman | UJ107: Biaya Sewa | UL107: Biaya Transportasi | UZ107: Biaya Rantai Pasok | VB107: Biaya Penyediaan | VD107: Biaya Penyimpanan | VF107: Biaya Pengemasan | VH107: Biaya Pengiriman | VJ107: Biaya Sewa | VL107: Biaya Transportasi
B108: Biaya Rantai Pasok | V108: Biaya Penyediaan | AW108: Biaya Rantai Pasok | BQ108: Biaya Penyediaan | CR108: Biaya Rantai Pasok | DL108: Biaya Penyediaan | EM108: Biaya Rantai Pasok | FG108: Biaya Penyediaan | GH108: Biaya Rantai Pasok | HB108: Biaya Penyediaan | IC108: Biaya Rantai Pasok | IW108: Biaya Penyediaan | JX108: Biaya Rantai Pasok | KR108: Biaya Penyediaan | LS108: Biaya Rantai Pasok | MM108: Biaya Penyediaan | NN108: Biaya Rantai Pasok | OH108: Biaya Penyediaan | PI108: Biaya Rantai Pasok | QC108: Biaya Penyediaan | RD108: Biaya Rantai Pasok | RX108: Biaya Penyediaan | SY108: Biaya Rantai Pasok | TS108: Biaya Penyediaan
B109: Biaya Rantai Pasok | V109: Biaya Penyimpanan | AA109: Biaya Rantai Pasok | AC109: 1 | AE109: {=FindRedCellValue(E108:U108)} -> 5 | AG109: {=FindRedCellValue(E109:U109)} -> 3 | AI109: {=FindRedCellValue(E110:U110)} -> 0.33333333 | AK109: {=FindRedCellValue(E111:U111)} -> 0.33333333 | AM109: {=FindRedCellValue(E112:U112)} -> 3 | AO109: {=FindRedCellValue(E113:U113)} -> 0.14285714 | AW109: Biaya Rantai Pasok | BQ109: Biaya Penyimpanan | BV109: Biaya Rantai Pasok | BX109: 1 | BZ109: {=FindRedCellValue(AZ108:BP108)} -> 3 | CB109: {=FindRedCellValue(AZ109:BP109)} -> 3 | CD109: {=FindRedCellValue(AZ110:BP110)} -> 0.33333333 | CF109: {=FindRedCellValue(AZ111:BP111)} -> 0.33333333 | CH109: {=FindRedCellValue(AZ112:BP112)} -> 5 | CJ109: {=FindRedCellValue(AZ113:BP113)} -> 0.2 | CR109: Biaya Rantai Pasok | DL109: Biaya Penyimpanan | DQ109: Biaya Rantai Pasok | DS109: 1 | DU109: {=FindRedCellValue(CU108:DK108)} -> 0.33333333 | DW109: {=FindRedCellValue(CU109:DK109)} -> 3 | DY109: {=FindRedCellValue(CU110:DK110)} -> 0.2 | EA109: {=FindRedCellValue(CU111:DK111)} -> 0.33333333 | EC109: {=FindRedCellValue(CU112:DK112)} -> 5 | EE109: {=FindRedCellValue(CU113:DK113)} -> 7 | EM109: Biaya Rantai Pasok | FG109: Biaya Penyimpanan | FL109: Biaya Rantai Pasok | FN109: 1 | FP109: {=FindRedCellValue(EP108:FF108)} -> 3 | FR109: {=FindRedCellValue(EP109:FF109)} -> 3 | FT109: {=FindRedCellValue(EP110:FF110)} -> 0.33333333 | FV109: {=FindRedCellValue(EP111:FF111)} -> 0.2 | FX109: {=FindRedCellValue(EP112:FF112)} -> 3 | FZ109: {=FindRedCellValue(EP113:FF113)} -> 3 | GH109: Biaya Rantai Pasok | HB109: Biaya Penyimpanan | HG109: Biaya Rantai Pasok | HI109: 1 | HK109: {=FindRedCellValue(GK108:HA108)} -> 3 | HM109: {=FindRedCellValue(GK109:HA109)} -> 3 | HO109: {=FindRedCellValue(GK110:HA110)} -> 3 | HQ109: {=FindRedCellValue(GK111:HA111)} -> 0.33333333 | HS109: {=FindRedCellValue(GK112:HA112)} -> 5 | HU109: {=FindRedCellValue(GK113:HA113)} -> 5 | IC109: Biaya Rantai Pasok | IW109: Biaya Penyimpanan | JB109: Biaya Rantai Pasok | JD109: 1 | JF109: {=FindRedCellValue(IF108:IV108)} -> 3 | JH109: {=FindRedCellValue(IF109:IV109)} -> 3 | JJ109: {=FindRedCellValue(IF110:IV110)} -> 0.33333333 | JL109: {=FindRedCellValue(IF111:IV111)} -> 0.33333333 | JN109: {=FindRedCellValue(IF112:IV112)} -> 3 | JP109: {=FindRedCellValue(IF113:IV113)} -> 5 | JX109: Biaya Rantai Pasok | KR109: Biaya Penyimpanan | KW109: Biaya Rantai Pasok | KY109: 1 | LA109: {=FindRedCellValue(KA108:KQ108)} -> 0.33333333 | LC109: {=FindRedCellValue(KA109:KQ109)} -> 3 | LE109: {=FindRedCellValue(KA110:KQ110)} -> 0.2 | LG109: {=FindRedCellValue(KA111:KQ111)} -> 0.33333333 | LI109: {=FindRedCellValue(KA112:KQ112)} -> 5 | LK109: {=FindRedCellValue(KA113:KQ113)} -> 7 | LS109: Biaya Rantai Pasok | MM109: Biaya Penyimpanan | MR109: Biaya Rantai Pasok | MT109: 1 | MV109: {=FindRedCellValue(LV108:ML108)} -> 3 | MX109: {=FindRedCellValue(LV109:ML109)} -> 3 | MZ109: {=FindRedCellValue(LV110:ML110)} -> 0.33333333 | NB109: {=FindRedCellValue(LV111:ML111)} -> 0.2 | ND109: {=FindRedCellValue(LV112:ML112)} -> 3 | NF109: {=FindRedCellValue(LV113:ML113)} -> 3 | NN109: Biaya Rantai Pasok | OH109: Biaya Penyimpanan | OM109: Biaya Rantai Pasok | OO109: 1 | OQ109: {=FindRedCellValue(NQ108:OG108)} -> 5 | OS109: {=FindRedCellValue(NQ109:OG109)} -> 3 | OU109: {=FindRedCellValue(NQ110:OG110)} -> 0.33333333 | OW109: {=FindRedCellValue(NQ111:OG111)} -> 0.33333333 | OY109: {=FindRedCellValue(NQ112:OG112)} -> 3 | PA109: {=FindRedCellValue(NQ113:OG113)} -> 0.14285714 | PI109: Biaya Rantai Pasok | QC109: Biaya Penyimpanan | QH109: Biaya Rantai Pasok | QJ109: 1 | QL109: {=FindRedCellValue(PL108:QB108)} -> 6 | QN109: {=FindRedCellValue(PL109:QB109)} -> 3 | QP109: {=FindRedCellValue(PL110:QB110)} -> 0.25 | QR109: {=FindRedCellValue(PL111:QB111)} -> 0.33333333 | QT109: {=FindRedCellValue(PL112:QB112)} -> 3 | QV109: {=FindRedCellValue(PL113:QB113)} -> 0.14285714 | RD109: Biaya Rantai Pasok | RX109: Biaya Penyimpanan | SC109: Biaya Rantai Pasok | SE109: 1 | SG109: {=FindRedCellValue(RG108:RW108)} -> 5 | SI109: {=FindRedCellValue(RG109:RW109)} -> 3 | SK109: {=FindRedCellValue(RG110:RW110)} -> 0.33333333 | SM109: {=FindRedCellValue(RG111:RW111)} -> 0.33333333 | SO109: {=FindRedCellValue(RG112:RW112)} -> 3 | SQ109: {=FindRedCellValue(RG113:RW113)} -> 0.14285714 | SY109: Biaya Rantai Pasok | TS109: Biaya Penyimpanan | TX109: Biaya Rantai Pasok | TZ109: 1 | UB109: {=FindRedCellValue(TB108:TR108)} -> 3 | UD109: {=FindRedCellValue(TB109:TR109)} -> 3 | UF109: {=FindRedCellValue(TB110:TR110)} -> 0.33333333 | UH109: {=FindRedCellValue(TB111:TR111)} -> 0.33333333 | UJ109: {=FindRedCellValue(TB112:TR112)} -> 5 | UL109: {=FindRedCellValue(TB113:TR113)} -> 0.2 | UX109: Biaya Rantai Pasok | UZ109: =AVERAGE(AC109,BX109,DS109,FN109,HI109,JD109,KY109,MT109,OO109,QJ109,SE109,TZ109) -> 1 | VB109: =AVERAGE(AE109,BZ109,DU109,FP109,HK109,JF109,LA109,MV109,OQ109,QL109,SG109,UB109) -> 3.3055556 | VD109: =AVERAGE(AG109,CB109,DW109,FR109,HM109,JH109,LC109,MX109,OS109,QN109,SI109,UD109) -> 3 | VF109: =AVERAGE(AI109,CD109,DY109,FT109,HO109,JJ109,LE109,MZ109,OU109,QP109,SK109,UF109) -> 0.52638889 | VH109: =AVERAGE(AK109,CF109,EA109,FV109,HQ109,JL109,LG109,NB109,OW109,QR109,SM109,UH109) -> 0.31111111 | VJ109: =AVERAGE(AM109,CH109,EC109,FX109,HS109,JN109,LI109,ND109,OY109,QT109,SO109,UJ109) -> 3.8333333 | VL109: =AVERAGE(AO109,CJ109,EE109,FZ109,HU109,JP109,LK109,NF109,PA109,QV109,SQ109,UL109) -> 2.5809524
B110: Biaya Rantai Pasok | V110: Biaya Pengemasan | AW110: Biaya Rantai Pasok | BQ110: Biaya Pengemasan | CR110: Biaya Rantai Pasok | DL110: Biaya Pengemasan | EM110: Biaya Rantai Pasok | FG110: Biaya Pengemasan | GH110: Biaya Rantai Pasok | HB110: Biaya Pengemasan | IC110: Biaya Rantai Pasok | IW110: Biaya Pengemasan | JX110: Biaya Rantai Pasok | KR110: Biaya Pengemasan | LS110: Biaya Rantai Pasok | MM110: Biaya Pengemasan | NN110: Biaya Rantai Pasok | OH110: Biaya Pengemasan | PI110: Biaya Rantai Pasok | QC110: Biaya Pengemasan | RD110: Biaya Rantai Pasok | RX110: Biaya Pengemasan | SY110: Biaya Rantai Pasok | TS110: Biaya Pengemasan
B111: Biaya Rantai Pasok | V111: Biaya Pengiriman | AA111: Biaya Penyediaan | AC111: =1/AE109 -> 0.2 | AE111: 1 | AG111: {=FindRedCellValue(E116:U116)} -> 0.33333333 | AI111: {=FindRedCellValue(E117:U117)} -> 0.2 | AK111: {=FindRedCellValue(E118:U118)} -> 0.33333333 | AM111: {=FindRedCellValue(E119:U119)} -> 5 | AO111: {=FindRedCellValue(E120:U120)} -> 9 | AW111: Biaya Rantai Pasok | BQ111: Biaya Pengiriman | BV111: Biaya Penyediaan | BX111: =1/BZ109 -> 0.33333333 | BZ111: 1 | CB111: {=FindRedCellValue(AZ116:BP116)} -> 0.33333333 | CD111: {=FindRedCellValue(AZ117:BP117)} -> 0.33333333 | CF111: {=FindRedCellValue(AZ118:BP118)} -> 0.33333333 | CH111: {=FindRedCellValue(AZ119:BP119)} -> 5 | CJ111: {=FindRedCellValue(AZ120:BP120)} -> 5 | CR111: Biaya Rantai Pasok | DL111: Biaya Pengiriman | DQ111: Biaya Penyediaan | DS111: =1/DU109 -> 3 | DU111: 1 | DW111: {=FindRedCellValue(CU116:DK116)} -> 0.33333333 | DY111: {=FindRedCellValue(CU117:DK117)} -> 0.33333333 | EA111: {=FindRedCellValue(CU118:DK118)} -> 0.33333333 | EC111: {=FindRedCellValue(CU119:DK119)} -> 3 | EE111: {=FindRedCellValue(CU120:DK120)} -> 3 | EM111: Biaya Rantai Pasok | FG111: Biaya Pengiriman | FL111: Biaya Penyediaan | FN111: =1/FP109 -> 0.33333333 | FP111: 1 | FR111: {=FindRedCellValue(EP116:FF116)} -> 0.33333333 | FT111: {=FindRedCellValue(EP117:FF117)} -> 0.33333333 | FV111: {=FindRedCellValue(EP118:FF118)} -> 0.33333333 | FX111: {=FindRedCellValue(EP119:FF119)} -> 5 | FZ111: {=FindRedCellValue(EP120:FF120)} -> 3 | GH111: Biaya Rantai Pasok | HB111: Biaya Pengiriman | HG111: Biaya Penyediaan | HI111: =1/HK109 -> 0.33333333 | HK111: 1 | HM111: {=FindRedCellValue(GK116:HA116)} -> 0.33333333 | HO111: {=FindRedCellValue(GK117:HA117)} -> 0.33333333 | HQ111: {=FindRedCellValue(GK118:HA118)} -> 0.33333333 | HS111: {=FindRedCellValue(GK119:HA119)} -> 3 | HU111: {=FindRedCellValue(GK120:HA120)} -> 3 | IC111: Biaya Rantai Pasok | IW111: Biaya Pengiriman | JB111: Biaya Penyediaan | JD111: =1/JF109 -> 0.33333333 | JF111: 1 | JH111: {=FindRedCellValue(IF116:IV116)} -> 0.33333333 | JJ111: {=FindRedCellValue(IF117:IV117)} -> 0.33333333 | JL111: {=FindRedCellValue(IF118:IV118)} -> 0.33333333 | JN111: {=FindRedCellValue(IF119:IV119)} -> 3 | JP111: {=FindRedCellValue(IF120:IV120)} -> 3 | JX111: Biaya Rantai Pasok | KR111: Biaya Pengiriman | KW111: Biaya Penyediaan | KY111: =1/LA109 -> 3 | LA111: 1 | LC111: {=FindRedCellValue(KA116:KQ116)} -> 0.33333333 | LE111: {=FindRedCellValue(KA117:KQ117)} -> 0.33333333 | LG111: {=FindRedCellValue(KA118:KQ118)} -> 0.33333333 | LI111: {=FindRedCellValue(KA119:KQ119)} -> 3 | LK111: {=FindRedCellValue(KA120:KQ120)} -> 3 | LS111: Biaya Rantai Pasok | MM111: Biaya Pengiriman | MR111: Biaya Penyediaan | MT111: =1/MV109 -> 0.33333333 | MV111: 1 | MX111: {=FindRedCellValue(LV116:ML116)} -> 0.33333333 | MZ111: {=FindRedCellValue(LV117:ML117)} -> 0.33333333 | NB111: {=FindRedCellValue(LV118:ML118)} -> 0.33333333 | ND111: {=FindRedCellValue(LV119:ML119)} -> 5 | NF111: {=FindRedCellValue(LV120:ML120)} -> 3 | NN111: Biaya Rantai Pasok | OH111: Biaya Pengiriman | OM111: Biaya Penyediaan | OO111: =1/OQ109 -> 0.2 | OQ111: 1 | OS111: {=FindRedCellValue(NQ116:OG116)} -> 0.33333333 | OU111: {=FindRedCellValue(NQ117:OG117)} -> 0.2 | OW111: {=FindRedCellValue(NQ118:OG118)} -> 0.33333333 | OY111: {=FindRedCellValue(NQ119:OG119)} -> 5 | PA111: {=FindRedCellValue(NQ120:OG120)} -> 9 | PI111: Biaya Rantai Pasok | QC111: Biaya Pengiriman | QH111: Biaya Penyediaan | QJ111: =1/QL109 -> 0.16666667 | QL111: 1 | QN111: {=FindRedCellValue(PL116:QB116)} -> 0.33333333 | QP111: {=FindRedCellValue(PL117:QB117)} -> 0.25 | QR111: {=FindRedCellValue(PL118:QB118)} -> 0.33333333 | QT111: {=FindRedCellValue(PL119:QB119)} -> 5 | QV111: {=FindRedCellValue(PL120:QB120)} -> 8 | RD111: Biaya Rantai Pasok | RX111: Biaya Pengiriman | SC111: Biaya Penyediaan | SE111: =1/SG109 -> 0.2 | SG111: 1 | SI111: {=FindRedCellValue(RG116:RW116)} -> 0.33333333 | SK111: {=FindRedCellValue(RG117:RW117)} -> 0.2 | SM111: {=FindRedCellValue(RG118:RW118)} -> 0.33333333 | SO111: {=FindRedCellValue(RG119:RW119)} -> 5 | SQ111: {=FindRedCellValue(RG120:RW120)} -> 9 | SY111: Biaya Rantai Pasok | TS111: Biaya Pengiriman | TX111: Biaya Penyediaan | TZ111: =1/UB109 -> 0.33333333 | UB111: 1 | UD111: {=FindRedCellValue(TB116:TR116)} -> 0.33333333 | UF111: {=FindRedCellValue(TB117:TR117)} -> 0.33333333 | UH111: {=FindRedCellValue(TB118:TR118)} -> 0.33333333 | UJ111: {=FindRedCellValue(TB119:TR119)} -> 5 | UL111: {=FindRedCellValue(TB120:TR120)} -> 5 | UX111: Biaya Penyediaan | UZ111: =AVERAGE(AC111,BX111,DS111,FN111,HI111,JD111,KY111,MT111,OO111,QJ111,SE111,TZ111) -> 0.73055556 | VB111: =AVERAGE(AE111,BZ111,DU111,FP111,HK111,JF111,LA111,MV111,OQ111,QL111,SG111,UB111) -> 1 | VD111: =AVERAGE(AG111,CB111,DW111,FR111,HM111,JH111,LC111,MX111,OS111,QN111,SI111,UD111) -> 0.33333333 | VF111: =AVERAGE(AI111,CD111,DY111,FT111,HO111,JJ111,LE111,MZ111,OU111,QP111,SK111,UF111) -> 0.29305556 | VH111: =AVERAGE(AK111,CF111,EA111,FV111,HQ111,JL111,LG111,NB111,OW111,QR111,SM111,UH111) -> 0.33333333 | VJ111: =AVERAGE(AM111,CH111,EC111,FX111,HS111,JN111,LI111,ND111,OY111,QT111,SO111,UJ111) -> 4.3333333 | VL111: =AVERAGE(AO111,CJ111,EE111,FZ111,HU111,JP111,LK111,NF111,PA111,QV111,SQ111,UL111) -> 5.25
B112: Biaya Rantai Pasok | V112: Biaya Sewa | AW112: Biaya Rantai Pasok | BQ112: Biaya Sewa | CR112: Biaya Rantai Pasok | DL112: Biaya Sewa | EM112: Biaya Rantai Pasok | FG112: Biaya Sewa | GH112: Biaya Rantai Pasok | HB112: Biaya Sewa | IC112: Biaya Rantai Pasok | IW112: Biaya Sewa | JX112: Biaya Rantai Pasok | KR112: Biaya Sewa | LS112: Biaya Rantai Pasok | MM112: Biaya Sewa | NN112: Biaya Rantai Pasok | OH112: Biaya Sewa | PI112: Biaya Rantai Pasok | QC112: Biaya Sewa | RD112: Biaya Rantai Pasok | RX112: Biaya Sewa | SY112: Biaya Rantai Pasok | TS112: Biaya Sewa
B113: Biaya Rantai Pasok | V113: Biaya Transportasi | AA113: Biaya Penyimpanan | AC113: =1/AG109 -> 0.33333333 | AE113: =1/AG111 -> 3 | AG113: 1 | AI113: {=FindRedCellValue(E123:U123)} -> 0.2 | AK113: {=FindRedCellValue(E124:U124)} -> 0.2 | AM113: {=FindRedCellValue(E125:U125)} -> 7 | AO113: {=FindRedCellValue(E126:U126)} -> 7 | AW113: Biaya Rantai Pasok | BQ113: Biaya Transportasi | BV113: Biaya Penyimpanan | BX113: =1/CB109 -> 0.33333333 | BZ113: =1/CB111 -> 3 | CB113: 1 | CD113: {=FindRedCellValue(AZ123:BP123)} -> 0.33333333 | CF113: {=FindRedCellValue(AZ124:BP124)} -> 0.33333333 | CH113: {=FindRedCellValue(AZ125:BP125)} -> 5 | CJ113: {=FindRedCellValue(AZ126:BP126)} -> 3 | CR113: Biaya Rantai Pasok | DL113: Biaya Transportasi | DQ113: Biaya Penyimpanan | DS113: =1/DW109 -> 0.33333333 | DU113: =1/DW111 -> 3 | DW113: 1 | DY113: {=FindRedCellValue(CU123:DK123)} -> 0.33333333 | EA113: {=FindRedCellValue(CU124:DK124)} -> 0.2 | EC113: {=FindRedCellValue(CU125:DK125)} -> 5 | EE113: {=FindRedCellValue(CU126:DK126)} -> 5 | EM113: Biaya Rantai Pasok | FG113: Biaya Transportasi | FL113: Biaya Penyimpanan | FN113: =1/FR109 -> 0.33333333 | FP113: =1/FR111 -> 3 | FR113: 1 | FT113: {=FindRedCellValue(EP123:FF123)} -> 0.33333333 | FV113: {=FindRedCellValue(EP124:FF124)} -> 0.33333333 | FX113: {=FindRedCellValue(EP125:FF125)} -> 3 | FZ113: {=FindRedCellValue(EP126:FF126)} -> 3 | GH113: Biaya Rantai Pasok | HB113: Biaya Transportasi | HG113: Biaya Penyimpanan | HI113: =1/HM109 -> 0.33333333 | HK113: =1/HM111 -> 3 | HM113: 1 | HO113: {=FindRedCellValue(GK123:HA123)} -> 0.2 | HQ113: {=FindRedCellValue(GK124:HA124)} -> 0.33333333 | HS113: {=FindRedCellValue(GK125:HA125)} -> 5 | HU113: {=FindRedCellValue(GK126:HA126)} -> 5 | IC113: Biaya Rantai Pasok | IW113: Biaya Transportasi | JB113: Biaya Penyimpanan | JD113: =1/JH109 -> 0.33333333 | JF113: =1/JH111 -> 3 | JH113: 1 | JJ113: {=FindRedCellValue(IF123:IV123)} -> 0.2 | JL113: {=FindRedCellValue(IF124:IV124)} -> 0.33333333 | JN113: {=FindRedCellValue(IF125:IV125)} -> 5 | JP113: {=FindRedCellValue(IF126:IV126)} -> 3 | JX113: Biaya Rantai Pasok | KR113: Biaya Transportasi | KW113: Biaya Penyimpanan | KY113: =1/LC109 -> 0.33333333 | LA113: =1/LC111 -> 3 | LC113: 1 | LE113: {=FindRedCellValue(KA123:KQ123)} -> 0.33333333 | LG113: {=FindRedCellValue(KA124:KQ124)} -> 0.2 | LI113: {=FindRedCellValue(KA125:KQ125)} -> 5 | LK113: {=FindRedCellValue(KA126:KQ126)} -> 5 | LS113: Biaya Rantai Pasok | MM113: Biaya Transportasi | MR113: Biaya Penyimpanan | MT113: =1/MX109 -> 0.33333333 | MV113: =1/MX111 -> 3 | MX113: 1 | MZ113: {=FindRedCellValue(LV123:ML123)} -> 0.33333333 | NB113: {=FindRedCellValue(LV124:ML124)} -> 0.33333333 | ND113: {=FindRedCellValue(LV125:ML125)} -> 3 | NF113: {=FindRedCellValue(LV126:ML126)} -> 3 | NN113: Biaya Rantai Pasok | OH113: Biaya Transportasi | OM113: Biaya Penyimpanan | OO113: =1/OS109 -> 0.33333333 | OQ113: =1/OS111 -> 3 | OS113: 1 | OU113: {=FindRedCellValue(NQ123:OG123)} -> 0.2 | OW113: {=FindRedCellValue(NQ124:OG124)} -> 0.2 | OY113: {=FindRedCellValue(NQ125:OG125)} -> 7 | PA113: {=FindRedCellValue(NQ126:OG126)} -> 7 | PI113: Biaya Rantai Pasok | QC113: Biaya Transportasi | QH113: Biaya Penyimpanan | QJ113: =1/QN109 -> 0.33333333 | QL113: =1/QN111 -> 3 | QN113: 1 | QP113: {=FindRedCellValue(PL123:QB123)} -> 0.2 | QR113: {=FindRedCellValue(PL124:QB124)} -> 0.25 | QT113: {=FindRedCellValue(PL125:QB125)} -> 7 | QV113: {=FindRedCellValue(PL126:QB126)} -> 7 | RD113: Biaya Rantai Pasok | RX113: Biaya Transportasi | SC113: Biaya Penyimpanan | SE113: =1/SI109 -> 0.33333333 | SG113: =1/SI111 -> 3 | SI113: 1 | SK113: {=FindRedCellValue(RG123:RW123)} -> 0.2 | SM113: {=FindRedCellValue(RG124:RW124)} -> 0.2 | SO113: {=FindRedCellValue(RG125:RW125)} -> 7 | SQ113: {=FindRedCellValue(RG126:RW126)} -> 7 | SY113: Biaya Rantai Pasok | TS113: Biaya Transportasi | TX113: Biaya Penyimpanan | TZ113: =1/UD109 -> 0.33333333 | UB113: =1/UD111 -> 3 | UD113: 1 | UF113: {=FindRedCellValue(TB123:TR123)} -> 0.33333333 | UH113: {=FindRedCellValue(TB124:TR124)} -> 0.33333333 | UJ113: {=FindRedCellValue(TB125:TR125)} -> 5 | UL113: {=FindRedCellValue(TB126:TR126)} -> 3 | UX113: Biaya Penyimpanan | UZ113: =AVERAGE(AC113,BX113,DS113,FN113,HI113,JD113,KY113,MT113,OO113,QJ113,SE113,TZ113) -> 0.33333333 | VB113: =AVERAGE(AE113,BZ113,DU113,FP113,HK113,JF113,LA113,MV113,OQ113,QL113,SG113,UB113) -> 3 | VD113: =AVERAGE(AG113,CB113,DW113,FR113,HM113,JH113,LC113,MX113,OS113,QN113,SI113,UD113) -> 1 | VF113: =AVERAGE(AI113,CD113,DY113,FT113,HO113,JJ113,LE113,MZ113,OU113,QP113,SK113,UF113) -> 0.26666667 | VH113: =AVERAGE(AK113,CF113,EA113,FV113,HQ113,JL113,LG113,NB113,OW113,QR113,SM113,UH113) -> 0.27083333 | VJ113: =AVERAGE(AM113,CH113,EC113,FX113,HS113,JN113,LI113,ND113,OY113,QT113,SO113,UJ113) -> 5.3333333 | VL113: =AVERAGE(AO113,CJ113,EE113,FZ113,HU113,JP113,LK113,NF113,PA113,QV113,SQ113,UL113) -> 4.8333333
B115: Atribut A | E115: 9 | F115: 8 | G115: 7 | H115: 6 | I115: 5 | J115: 4 | K115: 3 | L115: 2 | M115: 1 | N115: 2 | O115: 3 | P115: 4 | Q115: 5 | R115: 6 | S115: 7 | T115: 8 | U115: 9 | V115: Atribut B | AA115: Biaya Pengemasan | AC115: =1/AI109 -> 3 | AE115: =1/AI111 -> 5 | AG115: =1/AI113 -> 5 | AI115: 1 | AK115: {=FindRedCellValue(E129:U129)} -> 3 | AM115: {=FindRedCellValue(E130:U130)} -> 3 | AO115: {=FindRedCellValue(E131:U131)} -> 0.25 | AW115: Atribut A | AZ115: 9 | BA115: 8 | BB115: 7 | BC115: 6 | BD115: 5 | BE115: 4 | BF115: 3 | BG115: 2 | BH115: 1 | BI115: 2 | BJ115: 3 | BK115: 4 | BL115: 5 | BM115: 6 | BN115: 7 | BO115: 8 | BP115: 9 | BQ115: Atribut B | BV115: Biaya Pengemasan | BX115: =1/CD109 -> 3 | BZ115: =1/CD111 -> 3 | CB115: =1/CD113 -> 3 | CD115: 1 | CF115: {=FindRedCellValue(AZ129:BP129)} -> 0.33333333 | CH115: {=FindRedCellValue(AZ130:BP130)} -> 3 | CJ115: {=FindRedCellValue(AZ131:BP131)} -> 5 | CR115: Atribut A | CU115: 9 | CV115: 8 | CW115: 7 | CX115: 6 | CY115: 5 | CZ115: 4 | DA115: 3 | DB115: 2 | DC115: 1 | DD115: 2 | DE115: 3 | DF115: 4 | DG115: 5 | DH115: 6 | DI115: 7 | DJ115: 8 | DK115: 9 | DL115: Atribut B | DQ115: Biaya Pengemasan | DS115: =1/DY109 -> 5 | DU115: =1/DY111 -> 3 | DW115: =1/DY113 -> 3 | DY115: 1 | EA115: {=FindRedCellValue(CU129:DK129)} -> 0.33333333 | EC115: {=FindRedCellValue(CU130:DK130)} -> 5 | EE115: {=FindRedCellValue(CU131:DK131)} -> 3 | EM115: Atribut A | EP115: 9 | EQ115: 8 | ER115: 7 | ES115: 6 | ET115: 5 | EU115: 4 | EV115: 3 | EW115: 2 | EX115: 1 | EY115: 2 | EZ115: 3 | FA115: 4 | FB115: 5 | FC115: 6 | FD115: 7 | FE115: 8 | FF115: 9 | FG115: Atribut B | FL115: Biaya Pengemasan | FN115: =1/FT109 -> 3 | FP115: =1/FT111 -> 3 | FR115: =1/FT113 -> 3 | FT115: 1 | FV115: {=FindRedCellValue(EP129:FF129)} -> 0.25 | FX115: {=FindRedCellValue(EP130:FF130)} -> 3 | FZ115: {=FindRedCellValue(EP131:FF131)} -> 3 | GH115: Atribut A | GK115: 9 | GL115: 8 | GM115: 7 | GN115: 6 | GO115: 5 | GP115: 4 | GQ115: 3 | GR115: 2 | GS115: 1 | GT115: 2 | GU115: 3 | GV115: 4 | GW115: 5 | GX115: 6 | GY115: 7 | GZ115: 8 | HA115: 9 | HB115: Atribut B | HG115: Biaya Pengemasan | HI115: =1/HO109 -> 0.33333333 | HK115: =1/HO111 -> 3 | HM115: =1/HO113 -> 5 | HO115: 1 | HQ115: {=FindRedCellValue(GK129:HA129)} -> 0.33333333 | HS115: {=FindRedCellValue(GK130:HA130)} -> 3 | HU115: {=FindRedCellValue(GK131:HA131)} -> 3 | IC115: Atribut A | IF115: 9 | IG115: 8 | IH115: 7 | II115: 6 | IJ115: 5 | IK115: 4 | IL115: 3 | IM115: 2 | IN115: 1 | IO115: 2 | IP115: 3 | IQ115: 4 | IR115: 5 | IS115: 6 | IT115: 7 | IU115: 8 | IV115: 9 | IW115: Atribut B | JB115: Biaya Pengemasan | JD115: =1/JJ109 -> 3 | JF115: =1/JJ111 -> 3 | JH115: =1/JJ113 -> 5 | JJ115: 1 | JL115: {=FindRedCellValue(IF129:IV129)} -> 3 | JN115: {=FindRedCellValue(IF130:IV130)} -> 3 | JP115: {=FindRedCellValue(IF131:IV131)} -> 3 | JX115: Atribut A | KA115: 9 | KB115: 8 | KC115: 7 | KD115: 6 | KE115: 5 | KF115: 4 | KG115: 3 | KH115: 2 | KI115: 1 | KJ115: 2 | KK115: 3 | KL115: 4 | KM115: 5 | KN115: 6 | KO115: 7 | KP115: 8 | KQ115: 9 | KR115: Atribut B | KW115: Biaya Pengemasan | KY115: =1/LE109 -> 5 | LA115: =1/LE111 -> 3 | LC115: =1/LE113 -> 3 | LE115: 1 | LG115: {=FindRedCellValue(KA129:KQ129)} -> 0.33333333 | LI115: {=FindRedCellValue(KA130:KQ130)} -> 5 | LK115: {=FindRedCellValue(KA131:KQ131)} -> 3 | LS115: Atribut A | LV115: 9 | LW115: 8 | LX115: 7 | LY115: 6 | LZ115: 5 | MA115: 4 | MB115: 3 | MC115: 2 | MD115: 1 | ME115: 2 | MF115: 3 | MG115: 4 | MH115: 5 | MI115: 6 | MJ115: 7 | MK115: 8 | ML115: 9 | MM115: Atribut B | MR115: Biaya Pengemasan | MT115: =1/MZ109 -> 3 | MV115: =1/MZ111 -> 3 | MX115: =1/MZ113 -> 3 | MZ115: 1 | NB115: {=FindRedCellValue(LV129:ML129)} -> 0.25 | ND115: {=FindRedCellValue(LV130:ML130)} -> 3 | NF115: {=FindRedCellValue(LV131:ML131)} -> 3 | NN115: Atribut A | NQ115: 9 | NR115: 8 | NS115: 7 | NT115: 6 | NU115: 5 | NV115: 4 | NW115: 3 | NX115: 2 | NY115: 1 | NZ115: 2 | OA115: 3 | OB115: 4 | OC115: 5 | OD115: 6 | OE115: 7 | OF115: 8 | OG115: 9 | OH115: Atribut B | OM115: Biaya Pengemasan | OO115: =1/OU109 -> 3 | OQ115: =1/OU111 -> 5 | OS115: =1/OU113 -> 5 | OU115: 1 | OW115: {=FindRedCellValue(NQ129:OG129)} -> 3 | OY115: {=FindRedCellValue(NQ130:OG130)} -> 3 | PA115: {=FindRedCellValue(NQ131:OG131)} -> 0.25 | PI115: Atribut A | PL115: 9 | PM115: 8 | PN115: 7 | PO115: 6 | PP115: 5 | PQ115: 4 | PR115: 3 | PS115: 2 | PT115: 1 | PU115: 2 | PV115: 3 | PW115: 4 | PX115: 5 | PY115: 6 | PZ115: 7 | QA115: 8 | QB115: 9 | QC115: Atribut B | QH115: Biaya Pengemasan | QJ115: =1/QP109 -> 4 | QL115: =1/QP111 -> 4 | QN115: =1/QP113 -> 5 | QP115: 1 | QR115: {=FindRedCellValue(PL129:QB129)} -> 3 | QT115: {=FindRedCellValue(PL130:QB130)} -> 4 | QV115: {=FindRedCellValue(PL131:QB131)} -> 0.25 | RD115: Atribut A | RG115: 9 | RH115: 8 | RI115: 7 | RJ115: 6 | RK115: 5 | RL115: 4 | RM115: 3 | RN115: 2 | RO115: 1 | RP115: 2 | RQ115: 3 | RR115: 4 | RS115: 5 | RT115: 6 | RU115: 7 | RV115: 8 | RW115: 9 | RX115: Atribut B | SC115: Biaya Pengemasan | SE115: =1/SK109 -> 3 | SG115: =1/SK111 -> 5 | SI115: =1/SK113 -> 5 | SK115: 1 | SM115: {=FindRedCellValue(RG129:RW129)} -> 3 | SO115: {=FindRedCellValue(RG130:RW130)} -> 3 | SQ115: {=FindRedCellValue(RG131:RW131)} -> 0.25 | SY115: Atribut A | TB115: 9 | TC115: 8 | TD115: 7 | TE115: 6 | TF115: 5 | TG115: 4 | TH115: 3 | TI115: 2 | TJ115: 1 | TK115: 2 | TL115: 3 | TM115: 4 | TN115: 5 | TO115: 6 | TP115: 7 | TQ115: 8 | TR115: 9 | TS115: Atribut B | TX115: Biaya Pengemasan | TZ115: =1/UF109 -> 3 | UB115: =1/UF111 -> 3 | UD115: =1/UF113 -> 3 | UF115: 1 | UH115: {=FindRedCellValue(TB129:TR129)} -> 0.33333333 | UJ115: {=FindRedCellValue(TB130:TR130)} -> 3 | UL115: {=FindRedCellValue(TB131:TR131)} -> 5 | UX115: Biaya Pengemasan | UZ115: =AVERAGE(AC115,BX115,DS115,FN115,HI115,JD115,KY115,MT115,OO115,QJ115,SE115,TZ115) -> 3.1944444 | VB115: =AVERAGE(AE115,BZ115,DU115,FP115,HK115,JF115,LA115,MV115,OQ115,QL115,SG115,UB115) -> 3.5833333 | VD115: =AVERAGE(AG115,CB115,DW115,FR115,HM115,JH115,LC115,MX115,OS115,QN115,SI115,UD115) -> 4 | VF115: =AVERAGE(AI115,CD115,DY115,FT115,HO115,JJ115,LE115,MZ115,OU115,QP115,SK115,UF115) -> 1 | VH115: =AVERAGE(AK115,CF115,EA115,FV115,HQ115,JL115,LG115,NB115,OW115,QR115,SM115,UH115) -> 1.4305556 | VJ115: =AVERAGE(AM115,CH115,EC115,FX115,HS115,JN115,LI115,ND115,OY115,QT115,SO115,UJ115) -> 3.4166667 | VL115: =AVERAGE(AO115,CJ115,EE115,FZ115,HU115,JP115,LK115,NF115,PA115,QV115,SQ115,UL115) -> 2.4166667
B116: Biaya Penyediaan | V116: Biaya Penyimpanan | AW116: Biaya Penyediaan | BQ116: Biaya Penyimpanan | CR116: Biaya Penyediaan | DL116: Biaya Penyimpanan | EM116: Biaya Penyediaan | FG116: Biaya Penyimpanan | GH116: Biaya Penyediaan | HB116: Biaya Penyimpanan | IC116: Biaya Penyediaan | IW116: Biaya Penyimpanan | JX116: Biaya Penyediaan | KR116: Biaya Penyimpanan | LS116: Biaya Penyediaan | MM116: Biaya Penyimpanan | NN116: Biaya Penyediaan | OH116: Biaya Penyimpanan | PI116: Biaya Penyediaan | QC116: Biaya Penyimpanan | RD116: Biaya Penyediaan | RX116: Biaya Penyimpanan | SY116: Biaya Penyediaan | TS116: Biaya Penyimpanan
